cpu_usage,memory_usage,response_time,error_count,cpu_ma,memory_ma,response_ma,error_ma,cpu_std,memory_std,response_std,cpu_change,memory_change,response_change,error_change,cpu_lag1,cpu_lag2,memory_lag1,memory_lag2,response_lag1,response_lag2,error_lag1,error_lag2,anomaly_label,anomaly_score,actual_failure,predicted_failure,failure_probability
43.6,3.6,282.13,0,46.88,3.994,198.07,0.6,4.626245778166136,0.3323853185686756,65.86772085020097,0.0,-0.0699999999999998,141.6,-1.0,43.6,54.14,3.67,4.16,140.53,256.27,1.0,1.0,0,0.1807692649612633,0,0,0.0
46.18,3.88,126.62,1,40.074,4.148,183.704,1.0,5.856084869603558,0.3170488921286451,60.71000930653855,9.15,0.04,-11.419999999999987,1.0,37.03,33.24,3.84,4.14,138.04,277.45,0.0,2.0,0,0.1615166193255489,0,0,0.0
39.55,3.72,71.88,1,40.328,3.75,164.422,0.4,4.460450649878293,0.5834380858325923,60.66070490853198,-7.340000000000003,-0.98,-78.4,1.0,46.89,38.92,4.7,3.22,150.28,188.57,0.0,1.0,0,0.1535084273556519,0,0,0.0
48.08,4.42,229.43,1,45.87,4.266,200.022,1.0,3.837166923656065,0.5788609504881127,55.79442597607759,6.259999999999998,0.0599999999999996,50.890000000000015,0.0,41.82,46.97,4.36,3.26,178.54,186.67,1.0,3.0,0,0.1916160539485735,0,0,0.0
49.64,4.72,2298.88,26,54.54,6.194,1707.718,16.4,8.28639547692475,2.425629815120192,1220.6452351400062,-4.640000000000001,-3.9,1885.87,19.0,54.28,50.6,8.62,3.43,413.01,2607.37,7.0,19.0,1,-0.0219726558641394,1,1,1.0
39.83,3.73,202.9,0,46.882,4.01,207.316,1.4,5.386833021358707,1.1352092318158802,32.04066369474924,-5.630000000000003,-1.27,5.039999999999992,-2.0,45.46,53.88,5.0,5.06,197.86,177.13,2.0,3.0,0,0.1626765516069174,0,0,0.0
40.01,3.84,263.74,1,41.73,4.206,191.768,0.4,2.206864291251092,0.5487986880450824,68.73283400238942,-5.280000000000001,-1.0600000000000005,18.89000000000001,1.0,45.29,39.82,4.9,3.52,244.85,89.72,0.0,0.0,0,0.1649775466991186,0,0,0.0
48.43,4.33,183.97,0,52.162,4.226,215.252,0.6,8.922032840110017,0.522809716818654,26.37395438685697,-19.690000000000005,0.3599999999999999,-60.41,0.0,68.12,48.09,3.97,3.58,244.38,226.73,0.0,2.0,0,0.159974672115531,0,0,0.04
54.28,8.62,413.01,7,56.586,7.023999999999999,1371.91,13.4,8.033145710118735,2.503922922136389,1248.005421522679,3.68,5.19,-2194.36,-12.0,50.6,49.25,3.43,5.34,2607.37,2855.77,19.0,18.0,1,-0.0340918655251514,1,1,1.0
34.99,4.36,198.12,1,42.342,4.146,208.528,0.6,5.454522893892668,0.3939289275998908,33.32244093700293,-8.469999999999999,0.3600000000000003,2.5800000000000125,1.0,43.46,38.86,4.0,3.73,195.54,179.43,0.0,0.0,0,0.1778055953112245,0,0,0.0
92.2,5.51,745.21,5,85.83599999999998,5.504,1288.6080000000002,12.2,15.240332345457553,0.5404905179556981,990.8625395179683,-1.8499999999999943,0.5,-104.41999999999996,-11.0,94.05,91.64,5.01,5.02,849.63,914.15,16.0,9.0,0,0.0247018572999802,1,1,1.0
47.64,4.49,2932.23,22,61.888,4.768,2583.3120000000004,20.6,14.177027897270996,0.3225988220685185,1102.382210519566,-33.540000000000006,-0.4399999999999995,2217.23,10.0,81.18,58.2,4.93,4.58,715.0,3545.96,12.0,23.0,1,-0.0461533535798687,1,1,0.996
73.77,7.69,684.14,16,67.464,6.946000000000001,1308.7400000000002,17.6,11.985356899149858,2.3804159300424867,1053.9245330193248,-2.5400000000000063,-1.2700000000000005,287.05,8.0,76.31,78.31,8.96,9.18,397.09,570.49,8.0,8.0,0,0.0264484794230209,1,1,1.0
52.53,4.17,177.5,0,45.304,4.212000000000001,172.372,2.0,4.373680372409415,0.5129034996956056,43.238480199933406,10.4,0.3199999999999998,34.0,-3.0,42.13,46.33,3.85,4.84,143.5,179.19,3.0,0.0,0,0.1672493590845262,0,0,0.0
39.13,3.95,153.78,2,42.898,3.682,178.946,1.2,3.550770338954477,0.3342454188167672,49.461534852853376,-7.049999999999997,0.79,38.97,0.0,46.18,40.33,3.16,3.58,114.81,181.67,2.0,2.0,0,0.1688549104977985,0,0,0.0
57.22,9.68,592.84,9,66.976,6.774000000000001,1598.0280000000002,11.2,14.108900736768945,2.387923784378395,1541.4597526922332,-4.93,3.82,-2187.09,-5.0,62.15,59.93,5.86,4.58,2779.93,3708.76,14.0,16.0,1,-0.0020969076984429,1,1,1.0
56.11,3.79,200.98,1,45.88,4.146,230.06,1.6,6.198330420363211,0.5289896029224025,20.230967599203115,14.72,0.0,-20.94,0.0,41.39,43.25,3.79,4.51,221.92,235.91,1.0,1.0,0,0.1826116095210499,0,0,0.0
46.12,3.81,170.56,1,44.258,3.958,188.398,0.2,3.208748977405257,0.3227537761204335,55.19311252321285,5.469999999999999,0.2600000000000002,25.430000000000007,1.0,40.65,48.11,3.55,4.13,145.13,210.84,0.0,0.0,0,0.1807039110849359,0,0,0.0
49.94,3.72,183.24,1,42.086,3.874,208.038,1.4,5.586871217416665,0.5776936904623405,57.57637336616508,14.869999999999996,-0.9899999999999998,9.79000000000002,0.0,35.07,38.93,4.71,3.29,173.45,299.35,1.0,2.0,0,0.1628539981438025,0,0,0.0
48.72,4.01,190.63,1,42.6,4.083999999999999,175.90800000000002,2.0,4.878703721276674,0.5445915900929795,26.341498059146726,4.170000000000002,0.0699999999999998,-23.98000000000001,-1.0,44.55,43.51,3.94,4.85,214.61,166.61,2.0,3.0,0,0.1863476960501008,0,0,0.0
55.81,2.8,200.92,1,48.82,3.692,200.512,1.6,6.192362231006745,0.6263545321940239,59.98404762934932,14.870000000000005,-1.04,-86.83000000000001,1.0,40.94,53.64,3.84,3.88,287.75,216.08,0.0,2.0,0,0.1585521923467606,0,0,0.0
50.7,4.29,201.27,0,48.072,4.234,199.028,0.2,5.869554497574834,0.4453425647745831,27.291401026697315,-5.559999999999995,-0.6699999999999999,3.5400000000000205,-1.0,56.26,47.05,4.96,3.85,197.73,180.64,1.0,0.0,0,0.1832157247590644,0,0,0.0
49.02,5.2,221.65,5,41.612,4.686,210.758,1.6,6.598436936123534,0.7779010219815939,68.79158575000304,11.85,0.2700000000000004,-99.68999999999996,5.0,37.17,44.47,4.93,4.11,321.34,184.58,0.0,1.0,0,0.1392537119358531,0,0,0.004
50.9,3.55,281.3,0,46.246,3.8,227.13,1.2,6.708239709491579,0.502394267483216,56.02443350896158,4.359999999999999,-0.2600000000000002,-13.909999999999968,-2.0,46.54,47.84,3.81,3.13,295.21,185.01,2.0,1.0,0,0.1788025728811467,0,0,0.0
50.04,4.82,210.12,1,43.58,4.134,215.536,1.2,5.155448574081511,0.5712092436226851,53.61402083410699,9.130000000000004,0.6500000000000004,-75.00999999999999,0.0,40.91,45.77,4.17,4.04,285.13,136.53,1.0,1.0,0,0.1969609243344351,0,0,0.0
71.65,8.62,666.94,11,77.476,6.722,1202.388,13.2,13.022531627913208,2.4683435741403645,1199.9953353950991,-20.97,4.469999999999999,-141.56999999999994,-4.0,92.62,68.83,4.15,9.88,808.51,577.29,15.0,9.0,0,0.028501889896266,1,1,1.0
36.56,3.42,188.28,0,40.678,3.716,205.1,1.4,4.258341226346119,0.4050061727924627,23.554320198214445,0.25,0.2299999999999999,-26.430000000000007,-1.0,36.31,46.39,3.19,4.11,214.71,213.17,1.0,2.0,0,0.1696919565455044,0,0,0.0
42.83,3.94,229.75,2,45.216,4.054,182.54,1.6,3.04029274906207,0.7384646233909931,37.56977375497541,-4.840000000000003,-1.0900000000000003,20.680000000000007,2.0,47.67,49.27,5.03,4.57,209.07,177.19,0.0,2.0,0,0.1789001142938261,0,0,0.0
47.29,3.93,190.47,2,44.604,3.998,205.87600000000003,1.0,4.123667057365209,0.213002347404903,32.99719730522658,9.03,0.1899999999999999,-41.55000000000001,0.0,38.26,49.05,3.74,4.0,232.02,176.68,2.0,0.0,0,0.1885658674817726,0,0,0.0
58.2,4.58,3545.96,23,67.574,4.659999999999999,2767.9700000000003,19.0,17.089785838330453,0.5236410984634363,1089.7590163196662,7.340000000000003,-0.6799999999999997,973.2200000000004,7.0,50.86,71.56,5.26,4.58,2572.74,3150.63,16.0,30.0,1,-0.051154824679761,1,1,1.0
93.98,5.21,1020.41,9,64.27000000000001,6.438,1492.9480000000003,13.6,16.960940422040263,2.336615073134646,1398.3420153059835,36.56,-3.64,796.5899999999999,-1.0,57.42,62.24,8.85,9.1,223.82,353.54,10.0,13.0,0,0.016234346638341,1,1,1.0
53.86,3.07,194.47,0,46.514,3.88,193.718,0.8,7.088545690055127,0.6613244287034894,29.03584801585852,18.32,-0.29,30.080000000000013,-2.0,35.54,48.91,3.36,4.4,164.39,164.62,2.0,0.0,0,0.1601374395761298,0,0,0.0
75.43,9.07,509.11,12,71.274,7.112,1158.2700000000002,14.4,15.636268096959707,2.19945902439669,1399.449033941571,12.27000000000001,0.3000000000000007,-76.81999999999994,-1.0,63.16,61.42,8.77,8.27,585.93,235.01,13.0,13.0,0,0.0466673813267144,1,1,0.996
41.68,4.05,216.39,2,41.378,4.134,173.618,1.0,2.0719362924567166,0.3524627639907546,64.7227480875157,2.890000000000001,-0.5200000000000005,16.22,1.0,38.79,44.36,4.57,4.42,200.17,68.21,1.0,0.0,0,0.1737757797153556,0,0,0.0
55.1,4.2,242.34,3,45.318,4.082000000000001,209.83,2.0,8.277256187892167,0.4832908027264738,41.59268084651495,3.82,-0.6699999999999999,55.72,1.0,51.28,46.35,4.87,3.73,186.62,223.67,2.0,1.0,0,0.1818245160610247,0,0,0.0
41.76,3.74,247.57,0,44.778,3.622,237.88,0.4,2.055619128145912,0.2815492852059751,39.53456399152593,-5.330000000000005,-0.2399999999999997,50.66999999999999,0.0,47.09,45.11,3.98,3.63,196.9,262.34,0.0,1.0,0,0.1723156412120947,0,0,0.0
36.55,2.9,149.8,2,42.872,3.58,225.238,1.4,5.415470432012245,0.952969044617922,67.2365954670524,-4.220000000000006,-0.71,-67.69,1.0,40.77,51.29,3.61,4.41,217.49,334.65,1.0,1.0,0,0.1568402000611721,0,0,0.0
89.97,5.54,823.15,14,66.46799999999999,7.676,1161.4600000000005,14.2,15.115016374453562,2.33367307050496,1304.3683396955005,22.72,-4.15,301.6,0.0,67.25,53.17,9.69,4.78,521.55,3481.01,14.0,22.0,0,0.0146935429178857,1,1,1.0
61.77,8.52,156.23,12,69.152,5.926,1220.842,14.2,26.32538736657069,2.636954682962912,1433.7375430391708,-35.82,3.789999999999999,-680.09,-1.0,97.59,41.84,4.73,8.99,836.32,687.58,13.0,16.0,0,0.0031149336511503,1,1,0.996
91.79,4.45,1065.9,18,69.97,6.206,1745.6840000000004,13.8,12.653614108230114,2.307970970354702,1473.6191715738505,25.680000000000007,-3.87,562.71,12.0,66.11,61.34,8.32,5.02,503.19,3636.72,6.0,19.0,0,0.0089578426137452,1,1,1.0
47.64,4.57,202.95,1,42.74399999999999,3.86,163.83800000000002,1.2,9.612064294416616,0.6455617708631753,56.92062517225205,15.830000000000002,0.0500000000000007,52.06,1.0,31.81,36.31,4.52,3.62,150.89,222.68,0.0,1.0,0,0.1490979570676357,0,0,0.0
60.19,5.47,3463.6,23,67.458,5.5280000000000005,2134.958,19.0,13.767086474632157,2.27435045672386,1468.410232826645,-4.3700000000000045,0.91,-11.0300000000002,0.0,64.56,91.04,4.56,4.7,3474.63,899.56,23.0,10.0,1,-0.0216575401160753,1,1,1.0
53.55,9.19,636.86,8,64.122,6.564,1744.3320000000003,11.4,18.66094772512905,2.5405275042793845,1623.45636528057,2.059999999999995,4.18,-2525.99,-10.0,51.49,60.16,5.01,9.48,3162.85,568.78,18.0,9.0,0,0.0067266115443249,1,1,1.0
45.06,4.29,225.09,0,46.57,4.098000000000001,211.936,0.8,6.821561404839839,0.1956271964732959,33.9527757333625,-6.919999999999995,0.33,17.090000000000003,-1.0,51.98,36.38,3.96,4.32,208.0,172.59,1.0,1.0,0,0.1876318448868979,0,0,0.0
42.64,4.76,156.98,2,45.614,4.066,161.69,1.8,4.630624147995493,0.7319699447381695,44.17663918860306,-4.57,1.82,52.36999999999999,-1.0,47.21,40.1,2.94,3.97,104.61,192.24,3.0,1.0,0,0.1574959993420195,0,0,0.0
52.13,5.18,209.99,0,48.206,3.92,212.664,0.0,5.632834987819124,1.0533043244950615,38.236328014076506,7.230000000000004,0.5199999999999996,-17.17999999999998,0.0,44.9,46.34,4.66,3.83,227.17,157.68,0.0,0.0,0,0.1674632083600239,0,0,0.0
39.2,4.29,101.65,3,44.304,4.006,193.594,1.6,6.537356499381005,0.4335089387775062,57.90469436928269,-8.349999999999994,0.8700000000000001,-105.37,2.0,47.55,49.71,3.42,4.48,207.02,260.03,1.0,1.0,0,0.1728958576350785,0,0,0.0
58.79,3.82,190.27,3,50.206,3.626,212.254,0.8,6.650295482157171,0.260057685908333,39.51224658254776,5.329999999999998,-0.0500000000000002,-46.97999999999999,2.0,53.46,41.9,3.87,3.34,237.25,164.06,1.0,0.0,0,0.1626035177792774,0,0,0.0
93.17,5.17,751.0,11,79.22999999999999,5.7700000000000005,1356.246,11.6,20.37085663392682,2.0924029248689258,1342.869134253223,-2.8599999999999994,1.0300000000000002,-55.29999999999996,2.0,96.03,54.29,4.14,4.71,806.3,3735.21,9.0,22.0,0,0.0237236841330765,1,1,1.0
39.66,3.29,217.38,1,45.996,3.97,183.028,1.4,7.070292073174949,0.8066287869894063,43.81185992399784,-0.8200000000000003,-2.0,21.460000000000008,0.0,40.48,43.53,5.29,3.5,195.92,174.79,1.0,2.0,0,0.1666229061715629,0,0,0.0
35.86,3.77,180.57,0,42.694,3.702,180.21,0.6,6.414552205727135,0.8475081120555702,53.49879671544053,-16.310000000000002,-0.2200000000000002,74.05999999999999,-2.0,52.17,40.8,3.99,4.12,106.51,257.7,2.0,0.0,0,0.158441650321118,0,0,0.0
68.35,4.14,3095.93,24,66.146,4.424,2518.834,16.8,15.790398348363446,0.3448622913570346,985.1632279881368,9.479999999999997,-0.25,-428.27,4.0,58.87,91.17,4.39,4.78,3524.2,928.68,20.0,14.0,1,-0.0412308722654498,1,1,0.996
38.95,3.55,138.37,1,41.904,4.298,177.632,0.8,7.072438052043948,0.9343286359734476,51.364772655975145,6.18,-0.6299999999999999,-104.04,-1.0,32.77,42.55,4.18,5.92,242.41,131.64,2.0,0.0,0,0.148809111665744,0,0,0.0
96.19,4.09,680.4,13,80.082,5.236,1732.05,15.4,20.1670069668258,0.7525822214217023,1256.17243734688,-3.8100000000000014,-1.58,-243.53,6.0,100.0,61.03,5.67,5.45,923.93,3047.05,7.0,21.0,0,0.0176140891192144,1,1,1.0
46.99,3.65,193.73,1,44.596,3.64,211.974,0.2,7.252729141502537,0.2696293752542489,19.79168588069284,-5.68,0.1599999999999997,6.47999999999999,1.0,52.67,35.8,3.49,3.87,187.25,227.44,0.0,0.0,0,0.1662973814252488,0,0,0.0
47.69,4.56,180.22,0,48.522000000000006,4.12,171.942,0.8,1.840603162009358,0.4057708713054692,26.361174480664243,-0.730000000000004,0.1599999999999992,40.33000000000001,-2.0,48.42,47.74,4.4,3.51,139.89,210.22,2.0,0.0,0,0.1767785551738124,0,0,0.0
44.62,4.77,2529.62,21,79.82,5.708,1012.12,10.2,21.71709119564588,2.544714129327697,877.4500900905963,-43.9,0.6199999999999992,1558.25,14.0,88.52,99.57,4.15,4.38,971.37,684.05,7.0,2.0,1,-0.0267021609309936,1,1,0.988
53.57,5.41,2954.81,25,58.352,6.140000000000001,2301.0980000000004,18.2,6.5372142384964205,2.8135653537815752,1494.739107643874,-12.529999999999994,-4.44,2214.46,9.0,66.1,55.82,9.85,3.16,740.35,3511.19,16.0,18.0,1,-0.0520220413670341,1,1,1.0
50.3,3.95,223.5,1,46.55,4.088,180.73200000000003,1.6,4.081525450122678,0.4949444413264984,53.4049030520609,6.339999999999996,-0.6699999999999999,1.8899999999999864,0.0,43.96,44.77,4.62,3.32,221.61,169.86,1.0,2.0,0,0.1899203348633492,0,0,0.0
37.8,4.05,92.33,1,44.114,4.456,189.324,0.8,5.176043856073872,0.6155729038871047,59.12634801845968,-12.39,-0.4500000000000002,-81.36999999999999,0.0,50.19,48.03,4.5,4.0,173.7,224.6,1.0,1.0,0,0.1843332009793781,0,0,0.0
65.54,8.5,433.4,15,79.684,5.886,1249.0180000000005,11.8,17.00141258837043,1.577333192448579,1233.571711198824,-31.08,2.76,-386.36,3.0,96.62,87.13,5.74,5.47,819.76,870.33,12.0,4.0,0,0.0327292552997723,1,1,1.0
41.46,4.26,125.17,0,43.04,4.045999999999999,176.53000000000003,0.8,2.263371379159801,0.1802220852171083,67.4297571551315,-0.5799999999999983,0.2599999999999998,-28.35000000000001,-1.0,42.04,43.75,4.0,4.1,153.52,107.69,1.0,2.0,0,0.1736051492439121,0,0,0.0
76.86,8.38,481.72,21,66.252,8.606,468.6700000000002,13.8,9.327029001777545,0.4185450991232225,113.97853306651608,5.390000000000001,-0.1699999999999999,18.840000000000032,8.0,71.47,52.28,8.55,8.6,462.88,391.66,13.0,8.0,1,-0.0232682135935868,1,1,0.98
46.1,3.34,272.66,2,49.082,3.652,208.66800000000003,1.0,6.452001239925561,0.919548802402568,53.23856938348377,-4.129999999999996,-1.8900000000000008,84.20000000000002,2.0,50.23,40.4,5.23,2.82,188.46,236.08,0.0,0.0,0,0.142356848704875,0,0,0.0
46.72,3.53,217.63,1,48.156,3.7599999999999993,197.312,0.8,6.607581251865119,0.6005414223848325,43.79517005332939,4.049999999999997,-0.1400000000000001,30.57,1.0,42.67,41.32,3.67,2.92,187.06,261.15,0.0,2.0,0,0.179362919377175,0,0,0.0
45.41,4.27,157.43,1,47.6,4.228,171.13,1.0,5.56342520395493,0.6147113143582141,50.93676864505657,-6.670000000000002,0.9899999999999998,-31.079999999999984,-1.0,52.08,45.69,3.28,4.24,188.51,89.03,2.0,1.0,0,0.1853983087831667,0,0,0.0
51.39,3.75,264.79,0,45.982000000000006,3.88,237.354,0.8,6.056283513839113,0.7516315586775202,41.78248951415023,5.899999999999999,0.3999999999999999,59.890000000000015,0.0,45.49,50.34,3.35,4.68,204.9,233.43,0.0,2.0,0,0.1839184013627914,0,0,0.0
52.28,8.6,391.66,8,64.366,8.042,610.1960000000001,11.2,18.80377568468629,1.6336523497978557,265.82301636614454,-15.420000000000002,-0.7000000000000011,35.420000000000016,-6.0,67.7,62.95,9.3,8.2,356.24,650.85,14.0,13.0,0,0.0059028751473589,1,1,1.0
55.99,3.22,272.18,0,44.434,4.174,183.272,1.6,7.609712872375679,0.5728699677937421,60.87104130865529,18.910000000000004,-0.8900000000000001,96.84,-3.0,37.08,47.95,4.11,4.7,175.34,165.51,3.0,1.0,0,0.1449793427915355,0,0,0.0
42.06,3.72,236.62,0,48.212,4.223999999999999,230.12,0.2,7.872538980532217,0.757152560584721,21.591119702323567,0.25,-0.5799999999999996,-27.0,-1.0,41.81,60.16,4.3,3.26,263.62,213.2,1.0,0.0,0,0.1669138356210177,0,0,0.0
44.22,3.47,133.68,0,45.704,3.704,202.276,1.2,2.35045314779944,0.2448060456769823,38.69151431515718,-2.719999999999999,-0.2599999999999998,-85.85,0.0,46.94,43.14,3.73,3.44,219.53,217.03,0.0,1.0,0,0.1762691337899315,0,0,0.0
68.12,3.97,244.38,0,50.35,4.014,249.558,0.6,10.62663399200336,0.6655298640932655,62.42750131152142,20.03,0.3900000000000001,17.650000000000006,-2.0,48.09,48.08,3.58,4.25,226.73,190.84,2.0,0.0,0,0.1309796449953966,0,0,0.0
42.89,4.69,231.28,1,38.188,4.416,194.262,1.0,4.756618546824876,0.9486464040937508,54.41985363817162,9.11,0.9500000000000002,3.669999999999988,0.0,33.78,38.95,3.74,3.55,227.61,138.37,1.0,1.0,0,0.1645091045670754,0,0,0.0
47.01,3.63,171.48,1,46.7,3.61,196.898,0.8,5.65084506954484,0.4905609034564384,44.08477707780816,0.2899999999999991,0.1,-46.150000000000006,0.0,46.72,42.67,3.53,3.67,217.63,187.06,1.0,0.0,0,0.1932475237129397,0,0,0.0
40.15,3.85,89.41,1,45.346,4.305999999999999,184.332,1.2,5.422059571786359,0.4082646200688972,63.64965412317653,-1.740000000000002,-0.4199999999999995,-179.23,1.0,41.89,53.87,4.27,4.97,268.64,190.98,0.0,1.0,0,0.1752511413625574,0,0,0.0
66.11,9.56,353.22,8,65.38199999999999,7.787999999999999,1132.9340000000002,12.4,15.9313596406584,2.2070500673976663,1192.505286940061,18.71,3.290000000000001,-2891.2,-10.0,47.4,63.32,6.27,10.19,3244.42,547.15,18.0,11.0,1,-0.0153717372888004,1,1,1.0
44.4,4.42,211.21,1,44.49399999999999,4.464,201.98200000000003,0.6,5.292672292896925,0.1616477652180956,22.72368191997177,-4.5,-0.29,40.54000000000002,1.0,48.9,50.23,4.71,4.45,170.67,207.85,0.0,0.0,0,0.1840459370462921,0,0,0.0
47.39,3.04,183.94,1,46.998000000000005,4.2620000000000005,201.156,1.4,5.050412854410996,0.7693958668981807,49.01282974895494,5.660000000000004,-1.0099999999999998,-103.0,-1.0,41.73,44.42,4.05,4.45,286.94,168.22,2.0,1.0,0,0.1876924861268185,0,0,0.0
97.2,6.03,770.99,13,79.994,6.768000000000001,586.5720000000001,10.8,18.581260183313727,2.230351990157614,234.5059562569651,40.43,-2.8500000000000005,510.18,3.0,56.77,87.79,8.88,4.9,260.81,818.24,10.0,10.0,0,0.0086017625205797,1,1,1.0
91.04,4.7,899.56,10,63.876,5.872,1930.23,20.6,16.040050810393303,2.309755398305204,1291.11500217835,35.330000000000005,1.1900000000000004,-1639.67,-10.0,55.71,65.79,3.51,9.4,2539.23,297.77,20.0,19.0,1,-0.0304980155918899,1,1,1.0
38.59,4.45,347.45,1,43.98800000000001,4.286,200.948,0.4,3.785639972316433,0.9335309314639784,83.06007837703993,-10.15,1.5100000000000002,188.72,0.0,48.74,42.3,2.94,4.34,158.73,145.74,1.0,0.0,0,0.1458988603854514,0,0,0.0
92.96,4.93,984.53,18,72.70599999999999,7.267999999999999,1191.614,13.2,20.15348307365253,2.438261675866649,1173.3291189730176,-0.7800000000000011,-0.4599999999999999,155.77999999999997,7.0,93.74,66.11,5.39,9.56,828.75,353.22,11.0,8.0,0,0.0281325603865471,1,1,1.0
49.25,3.44,173.53,2,48.99,3.624,189.662,1.2,2.5254207570222493,0.5623877665810253,16.644019045892723,3.0700000000000003,-0.1,-21.80000000000001,1.0,46.18,52.97,3.54,3.54,195.33,183.36,1.0,1.0,0,0.1712656444495816,0,0,0.0
52.97,3.54,183.36,1,49.136,3.81,185.912,1.0,2.1981878900582688,0.645445582524194,30.188146183560804,4.109999999999999,0.5,-32.50999999999999,-1.0,48.86,47.69,3.04,4.56,215.87,180.22,2.0,0.0,0,0.1754424231232284,0,0,0.0
46.28,2.88,212.77,0,45.378,3.706,193.26,0.6,7.233745226367891,0.7565910388049779,41.23107565902232,5.480000000000004,-0.69,59.04000000000002,-1.0,40.8,45.21,3.57,3.88,153.73,204.28,1.0,1.0,0,0.1834932253503783,0,0,0.0
39.63,4.16,262.86,0,44.752,4.124,200.116,1.0,4.967284972698794,0.4652203778855775,48.71182946677378,-12.9,-0.0099999999999997,85.36000000000001,0.0,52.53,42.13,4.17,3.85,177.5,143.5,0.0,3.0,0,0.1801250318156424,0,0,0.0
55.01,3.72,223.16,2,43.586,4.04,236.286,1.8,7.326617910059131,0.2558319761093212,25.191232204877377,12.019999999999996,-0.6299999999999994,2.4199999999999875,-1.0,42.99,37.23,4.35,3.84,220.74,242.7,3.0,1.0,0,0.1578665954892225,0,0,0.0
56.09,4.21,287.77,0,44.474,3.924,210.278,1.4,10.036315559008669,0.4035839441801411,52.70385346442938,6.910000000000004,0.0999999999999996,97.98999999999998,-2.0,49.18,43.61,4.11,4.31,189.78,219.32,2.0,2.0,0,0.1707748355340815,0,0,0.0
68.61,9.59,482.35,14,73.924,5.472,1712.2720000000002,17.0,19.394747484821764,2.3972525941168623,1444.2910307725383,-3.9099999999999966,5.04,-2870.71,-4.0,72.52,88.02,4.55,3.37,3353.06,900.62,18.0,8.0,1,-0.0132625165845476,1,1,1.0
43.31,3.52,249.27,3,47.17,3.776,229.144,1.2,6.352763178334253,0.6778126584831515,34.33501536332946,0.8300000000000054,0.5299999999999998,-29.64000000000001,3.0,42.48,41.86,2.99,3.87,278.91,210.74,0.0,1.0,0,0.1645076796189876,0,0,0.0
94.47,3.82,898.58,9,68.46600000000001,5.074,1390.486,13.8,23.290441816333143,2.065255432143926,991.6673755498864,1.1299999999999957,-0.9600000000000004,163.99,1.0,93.34,49.64,4.78,4.72,734.59,2298.88,8.0,26.0,0,0.0271624152850522,1,1,1.0
71.47,8.55,462.88,13,59.864,8.709999999999999,498.6900000000002,12.0,11.027983949933876,0.4129164564413366,135.92832854116557,19.19,-0.0499999999999989,71.21999999999997,5.0,52.28,67.7,8.6,9.3,391.66,356.24,8.0,14.0,1,-0.0146311212944315,1,1,0.996
40.5,5.6,4344.45,17,68.36800000000001,5.66,1753.1,14.4,24.76050827426609,2.172878275467821,1610.7829223238,-23.39,-3.780000000000001,3855.45,5.0,63.89,94.47,9.38,3.82,489.0,898.58,12.0,9.0,1,-0.0359578832072784,1,1,1.0
50.81,4.83,223.11,0,46.652,4.138,187.568,1.2,3.313860286735131,0.6082104898799429,43.73571904061944,5.230000000000004,1.0100000000000002,103.02,-1.0,45.58,48.08,3.82,4.42,120.09,229.43,1.0,1.0,0,0.1874445876609538,0,0,0.0
59.99,9.09,644.96,11,71.02000000000001,7.767999999999999,1046.068,11.8,15.645902019378765,1.999704978240555,1053.137318809849,4.730000000000004,3.05,-2270.6,-8.0,55.26,80.68,6.04,9.27,2915.56,509.93,19.0,12.0,0,0.0148742716768555,1,1,1.0
46.18,3.16,114.81,2,44.094,3.618,200.658,1.0,2.9144004529232403,0.2988645178002826,58.63009184710562,5.850000000000001,-0.4199999999999999,-66.85999999999999,0.0,40.33,41.76,3.58,3.74,181.67,247.57,2.0,0.0,0,0.1710286748865288,0,0,0.0
39.61,4.4,199.31,3,47.032,4.388,176.594,1.0,6.779724920673456,0.3965728180296846,41.39748700102483,-1.93,-0.04,95.29,2.0,41.54,50.7,4.44,4.29,104.02,201.27,1.0,0.0,0,0.1764110569324982,0,0,0.0
54.18,3.99,284.25,0,46.036,4.296,230.294,0.4,7.5127345221297395,0.4677926891262868,56.48432109886821,19.33,-0.25,22.70999999999998,-1.0,34.85,51.57,4.24,3.74,261.54,175.73,1.0,0.0,0,0.1597534267988498,0,0,0.0
55.77,3.45,205.29,0,43.622,4.128,215.674,1.4,7.370771330057584,0.7729618360566062,62.13233562324898,10.970000000000006,-1.79,-40.28,-3.0,44.8,40.61,5.24,4.14,245.57,299.36,3.0,2.0,0,0.1514291410947545,0,0,0.0
53.66,3.82,160.81,1,45.654,3.678,180.438,0.6,5.87246370784859,0.1754137964927353,48.41301137091176,16.169999999999995,0.2999999999999998,-24.75999999999999,0.0,37.49,47.11,3.52,3.91,185.57,164.53,1.0,1.0,0,0.1704136183160678,0,0,0.0
60.56,5.58,2998.57,16,59.402,7.244,1492.3140000000003,13.6,8.5966022357673,2.065315956458006,1394.5801846720765,12.310000000000002,-2.26,2579.48,4.0,48.25,65.46,7.84,9.27,419.09,529.21,12.0,14.0,0,0.0045992083768205,1,1,1.0
52.9,4.51,141.91,0,49.034,4.204,166.98200000000003,0.6,4.312520144880358,0.3341107600781527,55.16227759982369,11.11,0.3899999999999997,35.39999999999999,-1.0,41.79,51.3,4.12,4.16,106.51,222.53,1.0,1.0,0,0.1763937535275878,0,0,0.0
36.13,4.04,204.77,0,42.776,4.462000000000001,159.09,1.4,8.340628273697332,0.565039821605526,50.631862991598496,-13.5,-0.7299999999999995,83.01,-1.0,49.63,46.41,4.77,3.73,121.76,217.48,1.0,1.0,0,0.1640261339773432,0,0,0.0
43.72,3.61,165.47,0,40.734,3.81,188.488,1.2,4.4131202113696135,0.6112691714784896,25.45946621592863,3.030000000000001,-1.11,4.659999999999997,-3.0,40.69,36.56,4.72,3.42,160.81,188.28,3.0,0.0,0,0.1497776481536396,0,0,0.0
46.31,4.17,266.29,0,49.158,4.556,202.962,0.6,5.527691199768608,0.7797948448149703,58.82951359649381,3.160000000000004,0.1999999999999997,70.97000000000003,-1.0,43.15,57.98,3.97,4.13,195.32,176.44,1.0,1.0,0,0.1840507324435735,0,0,0.0
70.72,9.36,460.8,9,71.274,7.67,589.5660000000003,12.2,21.349075624017075,1.9242531018553777,283.7644797715071,-13.730000000000004,2.6099999999999994,-346.1,-2.0,84.45,61.77,6.75,8.52,806.9,156.23,11.0,12.0,0,0.0144614533375722,1,1,0.996
43.88,3.92,173.23,2,44.9,4.188,187.256,1.0,4.918028060106946,0.3912416133286438,44.68646584817424,4.25,-0.2400000000000002,-89.63000000000002,2.0,39.63,52.53,4.16,4.17,262.86,177.5,0.0,0.0,0,0.1885600776239822,0,0,0.0
35.36,3.64,298.82,1,44.41,3.73,229.46,1.0,7.6310353163905695,0.4620606020859154,44.44016145335208,-17.480000000000004,0.4399999999999999,69.6,0.0,52.84,46.36,3.2,4.06,229.22,205.29,1.0,0.0,0,0.1633169186471433,0,0,0.0
38.58,4.64,97.5,1,47.638,4.486,184.592,0.4,6.559544191481512,0.1973068675946298,53.95226149106295,-17.5,0.4299999999999997,-138.23,1.0,56.08,44.4,4.21,4.42,235.73,211.21,0.0,1.0,0,0.1616378133919425,0,0,0.0
39.55,4.53,199.67,3,42.89,3.692,205.808,1.6,3.0455459280725834,0.7309719556863974,45.53138445072831,-4.020000000000003,1.9800000000000004,9.73999999999998,1.0,43.57,44.7,2.55,3.55,189.93,143.12,2.0,0.0,0,0.1508197478945761,0,0,0.0
55.99,8.11,549.28,11,74.27799999999999,7.206,677.5200000000004,12.4,18.37877770690968,2.2452349542976657,227.3102354712436,-39.23,2.3999999999999995,-462.0700000000001,-1.0,95.22,68.71,5.71,9.33,1011.35,566.58,12.0,16.0,0,0.0111807052947818,1,1,1.0
32.76,3.78,153.68,1,41.116,3.934,210.798,1.0,8.56445736751601,0.3944996831430923,64.83555521471239,-5.140000000000001,-0.6499999999999999,-70.0,-1.0,37.9,34.45,4.43,3.74,223.68,143.46,2.0,0.0,0,0.1583224347269177,0,0,0.0
46.12,4.3,202.49,1,45.344,3.7,216.59,1.4,9.265431992087594,0.7134073170356463,24.41490835534739,13.269999999999996,1.4,-22.539999999999992,0.0,32.85,48.8,2.9,3.2,225.03,228.76,1.0,1.0,0,0.1505220674222643,0,0,0.0
45.17,4.58,185.63,0,45.77,4.06,237.874,0.6,4.896748921478357,0.6246599074696559,112.37539623956872,-3.9200000000000017,1.1,-100.60000000000002,-2.0,49.09,44.76,3.48,4.76,286.23,95.79,2.0,1.0,0,0.1679323110209803,0,0,0.032
36.38,4.32,172.59,1,42.918,3.938,177.078,1.2,7.222320956590048,0.2576237566685198,55.69544792889283,-17.269999999999996,0.29,-19.620000000000005,0.0,53.65,45.78,4.03,3.89,192.21,261.79,1.0,1.0,0,0.1739954437123911,0,0,0.0
100.0,6.14,559.56,12,72.37,7.142,1025.2220000000002,13.2,22.433451584631364,1.989112867586968,1042.0298075727017,6.629999999999996,0.8899999999999997,1.2399999999998954,2.0,93.37,59.63,5.25,9.53,558.32,604.97,10.0,13.0,0,0.0435447181322103,1,1,1.0
43.59,3.49,224.39,1,43.638,3.788,196.294,1.4,4.34268004808091,0.7301164290714163,27.85893267876572,-1.4399999999999975,-1.4699999999999998,56.45999999999998,1.0,45.03,46.57,4.96,3.14,167.93,200.96,0.0,4.0,0,0.1681537061860596,0,0,0.0
50.85,4.45,211.27,0,44.358,4.3,195.724,1.6,4.410132651066174,0.6705221845696114,29.61805243428426,9.910000000000004,0.81,19.99000000000001,-2.0,40.94,45.45,3.64,5.29,191.28,198.82,2.0,1.0,0,0.1736607010207284,0,0,0.0
50.61,4.22,196.91,2,44.268,4.093999999999999,186.646,1.0,8.318955463277781,0.5179575272162772,7.64286791721798,-4.899999999999999,-0.2600000000000007,8.97999999999999,2.0,55.51,38.34,4.48,3.68,187.93,187.19,0.0,1.0,0,0.1775525389176909,0,0,0.0
40.77,3.61,217.49,1,45.67,3.822,231.682,1.4,4.924322288396598,0.8885775149079557,59.27123476021109,-10.519999999999996,-0.8000000000000003,-117.15999999999995,0.0,51.29,41.86,4.41,2.38,334.65,209.19,1.0,1.0,0,0.1618828217226255,0,0,0.0
40.42,4.28,220.49,0,42.620000000000005,3.876,233.97600000000003,1.0,5.7275474681576775,0.608876013651383,24.678326118276967,-8.0,1.0900000000000003,-50.02999999999997,0.0,48.42,41.02,3.19,4.18,270.52,204.19,0.0,2.0,0,0.1785042782295368,0,0,0.0
64.05,5.96,3493.42,20,86.16,5.164,1345.824,11.6,13.301306326823656,1.1383452903227704,1212.119115652419,-24.03,1.54,2491.77,7.0,88.08,96.49,4.42,5.57,1001.65,672.79,13.0,6.0,1,-0.0035661932181735,1,1,1.0
53.72,4.84,212.61,1,50.224,4.358,208.302,1.6,7.300762288966824,0.4896631495222004,18.2208924040524,11.39,0.0499999999999998,8.02000000000001,-1.0,42.33,42.82,4.79,4.47,204.59,196.79,2.0,1.0,0,0.1760791586148334,0,0,0.0
43.36,5.16,185.17,1,44.264,4.134,182.388,1.4,6.821585592807543,0.7528479262108657,63.218495474030654,-0.1700000000000017,1.08,111.65,-1.0,43.53,35.98,4.08,3.19,73.52,227.91,2.0,0.0,0,0.163268703896582,0,0,0.0
48.78,3.87,203.47,0,47.348,3.438,169.012,0.4,3.885501254664662,0.7994810817023735,36.1101380501378,-1.1000000000000014,0.69,-6.890000000000015,-1.0,49.88,46.84,3.18,4.56,210.36,149.8,1.0,0.0,0,0.175398634492184,0,0,0.0
51.61,5.0,3428.8,13,71.13199999999999,4.328,2124.438000000001,15.8,18.027289591061653,0.4767284342264492,1254.4805123914844,-32.09,1.23,2589.9300000000003,6.0,83.7,64.79,3.77,4.26,838.87,2464.98,7.0,21.0,1,-0.0240012558265542,1,1,0.992
33.8,4.37,238.95,0,44.77,4.156000000000001,189.428,0.6,9.066865500270769,0.6063249953613997,39.36798534342356,-25.090000000000003,-0.2800000000000002,16.97,-1.0,58.89,45.49,4.65,4.74,221.98,144.99,1.0,2.0,0,0.1575497907339466,0,0,0.0
53.07,3.45,274.08,1,48.758,3.836,219.946,1.4,6.209836551794321,0.3172223195173985,64.2793802863721,-3.219999999999999,-0.3099999999999996,127.02999999999996,0.0,56.29,47.83,3.76,3.78,147.05,174.71,1.0,1.0,0,0.1803740232396762,0,0,0.0
46.46,3.59,269.07,2,43.74,4.0760000000000005,219.136,1.2,3.1542907285156465,0.5709903676945897,69.3326534181407,6.390000000000001,-0.6900000000000004,-18.410000000000025,0.0,40.07,41.62,4.28,3.55,287.48,119.67,2.0,0.0,0,0.1803667357392512,0,0,0.0
66.26,9.47,658.96,14,69.456,6.996,1319.608,11.2,19.9427989509998,1.9109500255108816,1464.8974351708043,-20.309999999999988,3.4700000000000006,-78.12,6.0,86.57,55.36,6.0,8.44,737.08,498.72,8.0,9.0,0,0.0376469608776502,1,1,1.0
85.37,4.64,944.98,10,75.974,7.144,578.0120000000003,11.4,14.207748942038632,2.157401214424438,254.2127050719415,-9.11999999999999,-0.33,329.95000000000005,1.0,94.49,75.43,4.97,9.07,615.03,509.11,9.0,12.0,0,0.0291997358052193,1,1,1.0
43.14,4.14,157.58,1,46.174,4.044,172.232,1.0,5.326666875260704,0.4541805808266144,18.001669922538756,-5.420000000000002,0.6999999999999997,-40.85,0.0,48.56,48.7,3.44,4.7,198.43,153.67,1.0,2.0,0,0.1920619222630043,0,0,0.0
35.85,3.98,257.95,1,44.762,4.392,194.612,0.6,8.108515277163805,0.3026053535547635,63.2096623942894,-2.729999999999997,-0.6599999999999997,160.45,0.0,38.58,56.08,4.64,4.21,97.5,235.73,1.0,0.0,0,0.1642262852841821,0,0,0.0
35.98,3.19,227.91,0,42.93,3.924,223.338,1.6,7.532970861486127,0.5301226273231496,14.579373100378737,-7.460000000000001,-1.3299999999999996,25.72999999999999,-2.0,43.44,55.01,4.52,3.72,202.18,223.16,2.0,2.0,0,0.1653412200614167,0,0,0.0
44.33,3.95,155.23,1,46.682,3.518,175.064,0.8,6.013108181298634,0.4389419095962393,30.769760805050463,-1.9500000000000028,1.0700000000000005,-57.54000000000002,1.0,46.28,40.8,2.88,3.57,212.77,153.73,0.0,1.0,0,0.1753823205839227,0,0,0.0
36.84,2.72,224.3,1,45.222,3.65,211.812,1.0,5.62578616728355,0.753591401224825,60.12666188971458,-8.439999999999998,-2.1,91.07000000000002,0.0,45.28,46.15,4.82,3.64,133.23,227.83,1.0,3.0,0,0.1551896815877749,0,0,0.0
61.34,5.02,3636.72,19,67.274,5.593999999999999,2261.3740000000003,14.4,14.784330556369476,2.055074207905889,1486.2070224332826,0.0,-4.050000000000001,3121.17,9.0,61.34,69.27,9.07,4.17,515.55,3007.06,10.0,16.0,1,-0.0080831352732861,1,1,1.0
45.8,4.39,179.43,0,44.912,3.91,204.262,0.2,4.705010095631992,0.9766780431646852,37.88155580226418,6.959999999999994,2.1499999999999995,2.5900000000000034,-1.0,38.84,51.44,2.24,4.36,176.84,260.01,1.0,0.0,0,0.154842637249494,0,0,0.0
57.46,9.28,485.54,17,66.062,5.736,1671.482,17.8,16.541638975627542,2.0131641761167938,1450.0108057252537,-28.37,3.879999999999999,-193.14,2.0,85.83,47.64,5.4,4.49,678.68,2932.23,15.0,22.0,0,0.0128246945158749,1,1,1.0
39.15,3.25,221.84,0,45.99399999999999,3.728,184.976,0.8,7.569843459411857,0.7643755621420663,68.57613746778105,-9.79,-1.7999999999999998,11.890000000000017,0.0,48.94,37.85,5.05,3.16,209.95,69.79,0.0,0.0,0,0.1420741567853812,0,0,0.0
49.27,3.92,224.09,0,45.164,4.354,220.02,1.0,4.182568588798064,0.3114963884220874,91.0017285550116,1.1799999999999995,-0.4800000000000004,90.21,-1.0,48.09,45.72,4.4,4.77,133.88,132.45,1.0,0.0,0,0.1834235383322106,0,0,0.0
37.81,4.89,246.21,0,40.576,4.332,191.542,1.0,2.573466533685465,0.4521283003750206,70.9391169947866,-3.869999999999997,0.8399999999999999,29.82000000000002,-2.0,41.68,38.79,4.05,4.57,216.39,200.17,2.0,1.0,0,0.1682702720967195,0,0,0.0
35.58,4.27,154.52,1,45.114,3.98,168.462,0.6,6.372027149973501,0.2511971337416074,48.38968764106692,-13.15,0.1699999999999999,-43.92999999999998,1.0,48.73,50.84,4.1,3.61,198.45,170.77,0.0,1.0,0,0.1748245642629874,0,0,0.0
55.71,3.51,2539.23,20,59.426,6.816,1839.1600000000003,20.4,7.355013936084549,2.65042072131955,1393.9528204354694,-10.080000000000004,-5.890000000000001,2241.46,1.0,65.79,54.48,9.4,4.89,297.77,3436.93,19.0,26.0,1,-0.0501193088052512,1,1,1.0
94.04,4.55,844.28,12,80.97999999999999,4.981999999999999,1088.2520000000002,10.0,16.472366253820358,1.8668877845226848,646.100074229989,31.81000000000001,0.5300000000000002,-1353.09,-6.0,62.23,92.12,4.02,4.19,2197.37,729.41,18.0,9.0,0,0.0024776831781777,1,1,1.0
48.74,2.94,158.73,1,44.55,4.4,181.14,0.2,2.885498223877484,0.9915644204992452,40.07470399142106,6.440000000000005,-1.4,12.98999999999998,1.0,42.3,45.28,4.34,5.56,145.74,169.39,0.0,0.0,0,0.1460430426148909,0,0,0.0
80.68,9.27,509.93,12,78.034,6.5120000000000005,1242.266,12.0,17.80835843080435,2.543996855343977,1403.3005734089895,14.680000000000009,0.0,101.04000000000002,6.0,66.0,93.17,9.27,5.17,408.89,751.0,6.0,11.0,0,0.0330403933528268,1,1,1.0
45.49,3.35,204.9,0,45.942,4.086,231.252,1.0,6.012135228020028,0.842721780898061,38.902599784591125,-4.850000000000001,-1.3299999999999996,-28.53,-2.0,50.34,46.6,4.68,4.62,233.43,191.22,2.0,1.0,0,0.1825315372481123,0,0,0.0
42.1,3.92,162.21,2,45.132000000000005,3.642,184.81,1.2,6.138873675194754,0.6420436122258317,33.769868225979586,1.009999999999998,1.38,-28.079999999999984,1.0,41.09,46.19,2.54,3.65,190.29,212.57,1.0,1.0,0,0.1743468779441068,0,0,0.0
54.48,3.66,194.19,1,50.428,4.316,199.69,1.6,7.426948902476718,0.5475673474560006,8.92094165433493,0.759999999999998,-1.1799999999999995,-18.420000000000016,0.0,53.72,42.33,4.84,4.79,212.61,204.59,1.0,2.0,0,0.1761410724758611,0,0,0.0
52.6,4.02,181.54,1,47.898,3.85,204.216,0.8,8.771822501624207,0.3515679166249386,49.81963548642255,10.509999999999998,0.5599999999999996,-31.52000000000001,0.0,42.09,35.88,3.46,4.32,213.06,260.6,1.0,1.0,0,0.1773266836321029,0,0,0.0
41.32,2.92,261.15,2,46.70399999999999,4.396,182.042,1.0,8.450640804104696,0.9346015193653392,45.39653863457024,-14.46,-1.38,113.98,2.0,55.78,54.29,4.3,4.38,147.17,173.55,0.0,1.0,0,0.149812222675931,0,0,0.0
41.9,5.07,178.79,1,46.394,4.2,212.548,1.0,3.477790965541138,0.6654697588921682,43.34860920491058,-8.730000000000004,1.4600000000000004,-18.930000000000007,0.0,50.63,45.18,3.61,4.26,197.72,214.37,1.0,1.0,0,0.1842799984165929,0,0,0.0
46.6,4.62,191.22,1,46.748,3.966,223.856,1.2,6.740205486481814,0.9110323814223066,49.30081267078733,10.509999999999998,1.62,-101.21,0.0,36.09,51.19,3.0,4.78,292.43,234.28,1.0,1.0,0,0.1673299998903897,0,0,0.0
44.77,3.32,169.86,2,48.974,4.188000000000001,177.502,2.2,5.290588814111253,0.559437217210297,54.05153022810752,-6.699999999999996,-1.0500000000000005,-25.19,0.0,51.47,42.25,4.37,4.18,195.05,93.64,2.0,2.0,0,0.1750608573968637,0,0,0.0
51.28,4.87,186.62,2,45.186,3.896000000000001,205.792,1.6,8.085297149765069,0.5930261377038931,38.513502437457525,4.93,1.14,-37.04999999999998,1.0,46.35,36.21,3.73,3.91,223.67,148.94,1.0,2.0,0,0.1794117342533424,0,0,0.0
39.96,4.37,181.24,0,46.27,4.316000000000001,179.998,0.8,5.404946808248914,0.7117794602262709,29.18014427654528,-10.630000000000004,0.9900000000000002,12.060000000000002,0.0,50.59,51.19,3.38,4.66,169.18,136.99,0.0,1.0,0,0.1767422756239755,0,0,0.0
49.33,3.87,243.73,0,49.284000000000006,4.2700000000000005,207.946,0.8,6.5477156321880905,0.5575840743780283,24.95249646829041,-3.3000000000000043,-1.2299999999999995,19.75999999999999,-1.0,52.63,50.61,5.1,4.22,223.97,196.91,1.0,2.0,0,0.1832988990290113,0,0,0.0
60.16,3.26,213.2,0,49.084,3.882,214.246,0.0,7.224003737540515,1.0776455818124986,38.01797246040421,8.029999999999994,-1.92,3.2099999999999795,0.0,52.13,44.9,5.18,4.66,209.99,227.17,0.0,0.0,0,0.1466536106195837,0,0,0.0
48.56,3.44,198.43,1,46.112,4.004,186.666,1.2,5.3724175191434655,0.4524157380109586,28.931720999623245,-0.1400000000000005,-1.2600000000000002,44.76000000000002,-1.0,48.7,38.51,4.7,4.04,153.67,179.35,2.0,1.0,0,0.1873296527079415,0,0,0.0
68.79,9.42,444.21,9,62.548,6.483999999999999,1631.4700000000005,16.2,18.515423840679382,2.418549151867714,1445.9890588106118,2.480000000000004,0.6500000000000004,-61.53000000000003,-3.0,66.31,38.43,8.77,5.21,505.74,2808.28,12.0,18.0,0,0.018830376778832,1,1,1.0
50.6,3.43,2607.37,19,61.10200000000001,6.976000000000001,1385.652,16.2,11.851918410114004,2.467717568928834,1235.1189155178538,1.3500000000000014,-1.91,-248.4000000000001,1.0,49.25,68.93,5.34,8.86,2855.77,363.56,18.0,12.0,0,0.0098286187607419,1,1,1.0
52.94,5.02,2957.67,19,69.144,6.572,1544.534,14.0,15.223202028482676,2.1113313335428976,1324.9077180807735,-18.41,-4.18,2376.62,12.0,71.35,71.93,9.2,8.54,581.05,496.36,7.0,10.0,0,0.018357209711279,1,1,1.0
40.08,4.54,146.45,3,45.968,3.998,212.048,0.8,5.912873244032932,0.7612292690116436,41.66613516994352,-11.870000000000005,0.9700000000000002,-115.34000000000005,3.0,51.95,49.72,3.57,3.58,261.79,220.21,0.0,1.0,0,0.166971529837058,0,0,0.0
32.85,2.9,225.03,1,45.174,3.724,200.914,1.2,9.255427056597672,0.7401553890906958,48.758092969270365,-15.949999999999996,-0.3000000000000002,-3.7299999999999898,0.0,48.8,57.86,3.2,3.53,228.76,244.52,1.0,2.0,0,0.1489359361601259,0,0,0.0
52.36,6.86,2477.66,28,55.53000000000001,6.901999999999999,1957.51,18.6,12.336002188715645,2.220781394014288,1408.313961870719,-16.430000000000007,-2.56,2033.45,19.0,68.79,66.31,9.42,8.77,444.21,505.74,9.0,12.0,1,-0.0306670851706283,1,1,1.0
63.22,8.93,652.31,13,78.622,6.05,1181.9920000000004,12.0,16.970846178078514,1.6540102780817387,1024.0281143699117,-28.739999999999995,3.98,-7.460000000000036,1.0,91.96,88.9,4.95,5.96,659.77,1047.2,12.0,10.0,0,0.0483187724005447,1,1,1.0
41.99,4.31,222.34,0,42.808,4.038,193.19,0.8,9.604187628321244,0.6159301908495801,32.73049113594301,-5.649999999999999,-0.2600000000000007,19.39000000000001,-1.0,47.64,31.81,4.57,4.52,202.95,150.89,1.0,0.0,0,0.1745414881255492,0,0,0.0
49.25,5.34,2855.77,18,65.276,8.0,956.7540000000002,15.0,10.86236530411307,1.5015824985661148,1065.5070110421598,-19.680000000000007,-3.52,2492.21,6.0,68.93,59.87,8.86,8.87,363.56,619.84,12.0,11.0,0,0.0070077711418975,1,1,1.0
58.84,4.04,2829.18,19,68.30199999999999,6.156000000000001,1742.994,17.8,18.724911748790685,2.798111863382168,1394.334716407793,-3.0799999999999983,-5.1000000000000005,1993.3,7.0,61.92,96.68,9.14,4.19,835.88,1037.32,12.0,11.0,1,-0.0106304421308415,1,1,1.0
39.14,3.57,144.76,0,38.676,4.266,180.334,0.6,1.971098678401992,0.6234821569219136,36.24841555158002,2.25,-0.3900000000000001,-96.91,0.0,36.89,39.46,3.96,5.14,241.67,172.59,0.0,1.0,0,0.1580150816956044,0,0,0.0
43.51,3.92,218.37,3,50.778,3.964,224.466,1.6,6.108164208663826,0.5582383003700127,73.55956994164674,-12.020000000000003,0.29,-130.89,2.0,55.53,57.36,3.63,4.72,349.26,208.76,1.0,1.0,0,0.1585450142472197,0,0,0.0
44.23,4.08,218.61,0,50.95,4.236,248.724,0.4,7.505801089823897,0.775035483058681,32.5900549247778,-7.490000000000002,0.75,-69.32,-1.0,51.72,63.47,3.33,3.71,287.93,214.03,1.0,1.0,0,0.1675815716691259,0,0,0.0
46.66,3.89,145.64,1,43.604,4.0,181.316,1.6,3.53034417585594,0.4356604182158413,28.503124916401887,-0.3900000000000005,-0.3599999999999999,-56.07000000000002,0.0,47.05,44.54,4.25,4.38,201.71,166.21,1.0,3.0,0,0.1901697048270038,0,0,0.0
46.5,4.31,135.64,1,48.562,4.241999999999999,205.564,0.8,5.643728377588636,0.2484351021896887,54.51792393332721,0.1899999999999977,0.1399999999999996,-130.65000000000003,1.0,46.31,43.15,4.17,3.97,266.29,195.32,0.0,1.0,0,0.1888144037292207,0,0,0.0
45.66,3.4,231.28,3,47.208,3.708,179.936,1.8,7.750185159078481,0.75575789774239,62.945896053674765,-0.1200000000000045,-0.5900000000000003,136.28,3.0,45.78,59.67,3.99,4.78,95.0,218.38,0.0,1.0,0,0.1505186519869381,0,0,0.0
43.51,4.65,144.4,1,43.736,4.012,197.104,1.0,10.39510365508684,0.4870010266929634,80.15253102678682,-11.36,0.8700000000000006,-186.64,-1.0,54.87,53.2,3.78,3.42,331.04,197.49,2.0,1.0,0,0.1554808027785044,0,0,0.0
56.29,9.17,599.29,17,61.03,5.394,2289.3540000000003,14.0,12.92646703473145,2.1760353857416974,1438.64046183541,1.3900000000000006,5.07,-2595.79,6.0,54.9,58.65,4.1,4.93,3195.08,3384.73,11.0,22.0,1,-0.0234231817512663,1,1,1.0
61.46,9.01,428.3,18,58.928,7.036,1640.6420000000005,14.8,3.504920826495048,2.3652864519968912,1508.6402378201362,-1.8800000000000023,1.04,-167.50999999999993,12.0,63.34,56.29,7.97,9.17,595.81,599.29,6.0,17.0,0,0.0095391297450539,1,1,1.0
47.06,4.0,172.22,2,46.884,3.666,192.502,1.0,6.384005795736626,0.5053513629149471,53.84128871043153,-4.640000000000001,-0.1299999999999999,15.060000000000002,2.0,51.7,44.51,4.13,2.86,157.16,286.75,0.0,1.0,0,0.1693772564636002,0,0,0.0
36.73,4.74,299.78,0,47.012,4.0920000000000005,219.158,0.8,6.046831401651664,0.7555924827577369,58.95509664142706,-14.590000000000003,0.5200000000000005,87.26999999999998,0.0,51.32,51.5,4.22,2.8,212.51,180.8,0.0,3.0,0,0.1541732880410907,0,0,0.0
90.17,5.9,956.58,9,73.914,5.618,1751.266,13.2,15.393298217081345,2.1046424874548224,1241.0102448731034,22.120000000000005,1.760000000000001,-2400.9700000000003,-8.0,68.05,90.59,4.14,4.87,3357.55,777.14,17.0,9.0,0,0.0195270879110678,1,1,1.0
36.21,3.91,148.94,2,43.856,3.434,219.098,1.4,7.702611894675674,0.5105193434141257,47.77494604915907,-1.4399999999999975,0.2099999999999999,-98.64,0.0,37.65,54.44,3.7,3.27,247.58,222.15,2.0,1.0,0,0.1637464616211594,0,0,0.0
69.32,9.73,556.71,14,73.13399999999999,6.658,1395.42,11.4,22.744154853500262,2.397450729420739,1658.909744169344,-30.680000000000007,5.24,-194.15,5.0,100.0,88.46,4.49,4.77,750.86,905.47,9.0,7.0,0,0.0078773650979808,1,1,1.0
47.62,3.81,236.98,1,49.45,4.069999999999999,201.212,1.2,6.934828765009193,0.4221966366516899,28.589037584361613,-7.75,0.1800000000000001,43.94999999999999,1.0,55.37,57.85,3.63,4.12,193.03,182.1,0.0,1.0,0,0.1779637641802413,0,0,0.0
51.32,3.38,396.31,0,44.010000000000005,3.616,232.874,0.0,5.917284005352384,0.5114978005817763,108.07375574116077,12.810000000000002,-0.7199999999999998,170.9,0.0,38.51,37.34,4.1,4.06,225.41,210.77,0.0,0.0,0,0.1435658731707755,0,0,0.052
39.48,3.41,139.44,0,41.412,3.994,178.17200000000005,1.2,5.034934954892647,0.750286611902412,62.68089118702768,-8.360000000000007,0.3500000000000001,-105.19,-2.0,47.84,38.63,3.06,4.55,244.63,101.49,2.0,1.0,0,0.1689041453701319,0,0,0.0
42.18,3.61,240.66,1,47.056,3.976,198.172,1.6,7.568885651137867,0.5738728082075338,56.10651628821751,-9.9,-0.6300000000000003,103.49,-2.0,52.08,55.99,4.24,3.22,137.17,272.18,3.0,0.0,0,0.1593598768444737,0,0,0.0
46.25,4.62,205.09,1,43.486,4.434,204.388,1.4,5.20967657345443,0.5389155778041699,27.71590463975513,8.579999999999998,0.3600000000000003,33.77000000000001,0.0,37.67,49.94,4.26,4.23,171.32,182.3,1.0,3.0,0,0.188902728294791,0,0,0.0
95.45,5.53,672.54,8,68.96600000000001,5.622,1573.754,13.0,19.43472485012332,1.7155961063140788,1382.629010266312,35.800000000000004,-2.999999999999999,247.08,0.0,59.65,46.72,8.53,4.26,425.46,2598.85,8.0,20.0,0,0.0182460503956571,1,1,1.0
96.56,6.3,945.62,10,84.90799999999999,5.976,1111.6300000000003,10.8,15.37777194524613,2.2660825227692043,975.0729870630208,4.730000000000004,0.5999999999999996,282.98,2.0,91.83,97.8,5.7,3.97,662.64,593.92,8.0,10.0,0,0.0421293600585269,1,1,1.0
49.46,4.12,129.74,0,42.524,4.226,171.848,1.0,6.393209679026552,0.511400039108331,55.337783837085794,12.550000000000004,0.4900000000000002,-67.82,-1.0,36.91,34.74,3.63,5.02,197.56,242.26,1.0,0.0,0,0.1648721153983821,0,0,0.0
38.63,4.55,101.49,1,41.464,4.05,172.768,0.8,4.306939748823961,0.6692159591641557,70.67400172623599,-6.779999999999994,-0.29,-138.04000000000002,0.0,45.41,35.7,4.84,4.11,239.53,165.77,1.0,2.0,0,0.1697648889548345,0,0,0.0
43.67,3.93,179.59,1,44.05800000000001,3.642,181.12,0.8,2.067817690223183,0.4528465523772869,27.20732070601625,-0.6599999999999966,-0.02,24.360000000000014,0.0,44.33,46.28,3.95,2.88,155.23,212.77,1.0,0.0,0,0.1749030910412439,0,0,0.0
63.75,8.96,340.94,10,63.23,5.880000000000001,2171.074,16.0,17.2678139901957,1.798735667072855,1594.261667866979,-28.08,4.170000000000001,-226.73,3.0,91.83,49.17,4.79,4.78,567.67,3104.26,7.0,25.0,1,-0.0022055458103737,1,1,0.996
56.08,9.15,547.91,12,80.38,6.744,742.5260000000002,11.6,17.960970185376947,2.4011205717331303,283.20243860178016,-36.93000000000001,4.46,-450.31000000000006,3.0,93.01,92.96,4.69,4.93,998.22,984.53,9.0,18.0,0,0.0064700091037617,1,1,1.0
41.85,3.65,161.67,1,39.124,4.134,230.326,0.8,3.9203737066762927,0.3887544211967274,63.84736079118707,9.590000000000003,-0.8699999999999997,-137.96,1.0,32.26,41.4,4.52,4.49,299.63,285.97,0.0,1.0,0,0.1578634556629157,0,0,0.0
43.38,3.89,254.09,3,46.284,3.946,226.732,1.2,3.701166032482216,0.3708503741402986,34.65035815110778,1.4400000000000048,-0.3699999999999996,-17.47999999999999,3.0,41.94,51.23,4.26,3.36,271.57,216.69,0.0,0.0,0,0.1712274499843901,0,0,0.0
42.69,2.26,283.07,2,44.49,3.684,189.108,1.0,6.406535725335495,1.0810781655366084,60.98610144942861,-4.25,-2.34,91.86,2.0,46.94,34.42,4.6,4.21,191.21,117.84,0.0,0.0,0,0.1357556926143244,0,0,0.0
46.07,4.42,88.09,1,44.698,4.114,162.622,2.0,2.9983111913207505,0.5612753335039766,47.821186936336325,-2.6499999999999986,0.4100000000000001,-102.54,0.0,48.72,44.55,4.01,3.94,190.63,214.61,1.0,2.0,0,0.1827489826017818,0,0,0.0
47.84,3.06,244.63,2,41.912,3.98,200.36,1.2,4.917882674485012,0.7644278906476402,65.13038307886728,9.21,-1.4899999999999998,143.14,1.0,38.63,45.41,4.55,4.84,101.49,239.53,1.0,1.0,0,0.1663326597287712,0,0,0.0
58.51,4.41,3842.14,13,74.578,7.306,1280.0500000000004,12.0,12.659663107681832,2.546866702440479,1434.490735400545,-9.030000000000008,-4.35,3223.52,6.0,67.54,92.43,8.76,4.7,618.62,750.19,7.0,11.0,1,-0.0025966545506457,1,1,1.0
39.11,4.04,255.87,3,45.236,4.128,210.752,1.2,7.620113516214848,0.1648332490731214,31.81560026150708,-5.950000000000003,-0.25,30.78,3.0,45.06,51.98,4.29,3.96,225.09,208.0,0.0,1.0,0,0.1677702739520214,0,0,0.0
48.81,4.52,228.62,1,47.36999999999999,3.75,199.816,1.4,3.65542747158236,0.4925951684700077,48.79197403262181,-1.5599999999999952,0.8099999999999996,93.28,1.0,50.37,47.36,3.71,3.51,135.34,218.07,0.0,1.0,0,0.1821281099095287,0,0,0.0
45.17,3.46,179.32,0,45.472,3.962,169.97199999999998,1.4,4.6313140683826415,0.7824448862380007,42.45195130968688,2.530000000000001,-1.2999999999999998,22.340000000000003,-2.0,42.64,47.21,4.76,2.94,156.98,104.61,2.0,3.0,0,0.1714645458145846,0,0,0.0
42.47,3.85,227.66,0,43.368,4.102,213.778,0.4,2.2442415199794308,0.5650840645426144,40.85905738021901,-4.899999999999999,-0.3400000000000003,19.07,-1.0,47.37,42.4,4.19,4.97,208.59,244.51,1.0,0.0,0,0.1802440006308499,0,0,0.0
36.22,4.01,166.9,0,42.7,4.146,206.512,0.0,5.28019885989154,0.3895253521916128,64.02926182613699,-6.43,0.1099999999999998,-42.59,0.0,42.65,43.03,3.9,4.08,209.49,131.84,0.0,0.0,0,0.1820157047120638,0,0,0.0
93.06,4.67,790.6,5,85.554,5.242,1282.2600000000004,9.2,13.488262675378184,0.6907387349787292,756.813666102824,31.56,-0.9500000000000002,-1834.88,-8.0,61.5,91.13,5.62,4.34,2625.48,999.88,13.0,6.0,1,-0.0025648516939453,1,1,1.0
45.25,4.64,3216.49,34,72.664,6.174,1714.19,15.2,22.170765210068872,1.950828029324992,1511.0549399508943,-18.39,-1.010000000000001,-260.1600000000003,20.0,63.64,64.09,5.65,9.59,3476.65,245.64,14.0,12.0,1,-0.0443042533544313,1,1,1.0
48.61,4.77,2452.8,21,72.888,5.763999999999999,1348.4660000000003,12.2,22.51839292667217,1.7693586408639816,1073.075751277608,-15.119999999999996,0.7299999999999995,-139.75999999999976,16.0,63.73,58.73,4.04,8.62,2592.56,579.09,5.0,13.0,1,-0.007642040186038,1,1,1.0
47.48,4.75,259.63,1,48.002,4.052,224.41800000000003,1.0,4.724565588496043,0.5554907740007944,46.97146495479998,-3.3000000000000043,0.9300000000000002,25.620000000000005,1.0,50.78,40.08,3.82,4.54,234.01,146.45,0.0,3.0,0,0.1884818263582949,0,0,0.0
43.39,4.38,176.71,0,48.806,4.26,230.446,0.8,5.437235510808847,0.1034408043278977,50.68218552904019,-8.369999999999997,0.0899999999999998,-101.93999999999996,0.0,51.76,56.09,4.29,4.21,278.65,287.77,0.0,0.0,0,0.1685788684523054,0,0,0.0
46.74,3.82,141.22,2,44.21,4.18,193.476,0.6,2.6110247030619544,0.4676537180435994,47.54849976602857,4.270000000000003,-0.0300000000000002,-86.44,2.0,42.47,47.37,3.85,4.19,227.66,208.59,0.0,1.0,0,0.1852090609281262,0,0,0.0
48.57,5.03,258.48,0,45.69,3.914,216.218,0.4,2.152463704688256,0.6521732898547763,49.79255436307737,2.990000000000002,1.1300000000000003,6.110000000000014,-1.0,45.58,44.22,3.9,3.47,252.37,133.68,1.0,0.0,0,0.1793309011623646,0,0,0.0
45.68,4.92,151.81,0,44.276,3.98,171.972,0.6,2.10535745183568,0.6761286859762731,30.45599809561342,2.990000000000002,0.5599999999999996,-61.19999999999999,0.0,42.69,45.42,4.36,3.27,213.01,179.33,0.0,0.0,0,0.177112615301786,0,0,0.0
43.57,2.55,189.93,2,44.038,3.766,214.844,1.0,2.505807255157462,0.8465990786671089,48.40140524819528,-1.1300000000000026,-1.0,46.81,2.0,44.7,46.62,3.55,3.99,143.12,232.58,0.0,2.0,0,0.1596113183397435,0,0,0.0
37.53,3.39,159.59,0,42.43599999999999,3.934,234.17200000000005,0.8,5.932936035387517,0.6124785710537153,52.01998337177745,-8.75,-0.2599999999999998,-44.68000000000001,-1.0,46.28,50.14,3.65,3.88,204.27,248.94,1.0,1.0,0,0.1839428786441647,0,0,0.0
45.11,4.07,165.16,0,38.7,4.045999999999999,200.966,1.0,5.433185069551608,0.4395793443736875,46.22438566384656,2.219999999999999,-0.6200000000000001,-66.12,-1.0,42.89,33.78,4.69,3.74,231.28,227.61,1.0,1.0,0,0.1745602793974182,0,0,0.0
45.67,3.7,227.36,1,42.58200000000001,3.974,210.72200000000004,1.4,3.774959602432829,0.5305940067509247,21.72321154894,3.940000000000005,-0.8999999999999995,26.24000000000001,0.0,41.73,36.45,4.6,3.23,201.12,186.86,1.0,1.0,0,0.1771477793305531,0,0,0.0
36.61,3.47,168.23,3,44.016000000000005,4.098000000000001,188.158,1.2,9.003451005031337,0.5025136814057921,59.744826303204015,-19.85,-0.4099999999999997,-62.76000000000002,3.0,56.46,50.56,3.88,3.94,230.99,106.17,0.0,1.0,0,0.1523145864520467,0,0,0.0
41.62,4.26,189.67,2,43.638,4.188000000000001,191.052,1.6,4.152718386791814,0.32445338648256,26.87442036584308,-4.840000000000003,0.6399999999999997,37.80999999999997,-1.0,46.46,49.25,3.62,4.31,151.86,208.52,3.0,1.0,0,0.1838893436253137,0,0,0.0
91.83,4.79,567.67,7,58.672,4.902,2679.156,19.0,19.902985203230127,0.6980472763359367,1227.9094029202658,42.66,0.0099999999999997,-2536.59,-18.0,49.17,50.07,4.78,6.01,3104.26,3067.93,25.0,18.0,1,-0.0669943155786215,1,1,1.0
42.75,3.36,135.19,2,44.24,3.612000000000001,160.526,0.8,4.608117837034893,0.5606870785027912,19.424097919852866,-0.8100000000000023,-0.0100000000000002,-26.31,0.0,43.56,49.28,3.37,3.03,161.5,182.4,2.0,0.0,0,0.1653134535481141,0,0,0.0
92.43,4.7,750.19,11,71.74600000000001,7.362,1080.4960000000003,14.2,16.437698439866818,2.5717639860609376,1086.4208501220855,15.88000000000001,-4.15,222.48,-4.0,76.55,77.86,8.85,9.81,527.71,661.59,15.0,14.0,0,0.022300143181767,1,1,1.0
51.49,5.01,3162.85,18,66.92,6.478,1740.6840000000004,11.2,17.703780669676163,2.4344753028116832,1626.584536422869,-8.669999999999995,-4.470000000000001,2594.07,9.0,60.16,96.9,9.48,4.73,568.78,511.03,9.0,9.0,1,-0.0041090887142929,1,1,1.0
72.72,9.5,369.39,16,73.96200000000002,6.256,1722.1240000000005,16.2,22.23189083276545,1.9057623146657183,1493.5284279450457,-24.820000000000007,3.73,-738.61,3.0,97.54,60.11,5.77,5.34,1108.0,3137.41,13.0,25.0,1,-0.0099948013041127,1,1,1.0
59.77,9.51,612.01,7,62.978,7.204000000000001,1579.0700000000002,16.6,10.758465039214432,2.083141857867594,1529.482620774098,0.0900000000000034,4.71,-2051.5600000000004,-11.0,59.68,51.63,4.8,8.57,2663.57,405.59,18.0,9.0,1,-0.0102781034676776,1,1,1.0
57.86,3.53,244.52,2,46.228,4.102,186.5,1.2,6.965541615696548,0.4137269631048975,42.94648239378882,16.769999999999996,-1.0400000000000005,62.370000000000005,0.0,41.09,45.27,4.57,4.42,182.15,124.11,2.0,0.0,0,0.1705376525173466,0,0,0.0
47.95,4.7,165.51,1,47.212,4.558,173.568,1.2,6.792258092858424,0.270407100498502,41.58037181170967,8.340000000000003,0.2999999999999998,-33.80000000000001,-2.0,39.61,41.54,4.4,4.44,199.31,104.02,3.0,1.0,0,0.1783148156840715,0,0,0.0
93.34,4.78,734.59,8,59.422,5.378,1781.9240000000002,15.6,19.06472973844631,1.9427609219870567,1126.1198741164287,43.7,0.0600000000000005,-1564.29,-18.0,49.64,54.28,4.72,8.62,2298.88,413.01,26.0,7.0,1,-0.0326770437791896,1,1,1.0
55.37,3.63,193.03,0,49.554,4.224,188.98,1.4,6.904355871477,0.4435425571464382,21.717659864728297,-2.480000000000004,-0.4900000000000002,10.930000000000009,-1.0,57.85,44.85,4.12,4.05,182.1,224.56,1.0,3.0,0,0.1750215705315291,0,0,0.0
44.8,5.24,245.57,3,41.25599999999999,4.0,195.494,1.6,3.234598893216687,0.9467576247382428,80.12778500620144,4.189999999999998,1.1000000000000003,-53.79000000000002,1.0,40.61,36.72,4.14,3.36,299.36,131.58,2.0,1.0,0,0.1460370147591187,0,0,0.0
46.22,5.04,158.77,2,44.91,3.758,199.004,1.0,3.865003234151177,0.815671502505757,50.72119458372448,-2.5799999999999983,0.9500000000000002,14.080000000000013,2.0,48.8,41.69,4.09,3.28,144.69,256.78,0.0,2.0,0,0.171750327736763,0,0,0.0
50.0,3.31,173.69,0,49.15599999999999,3.98,160.772,0.8,1.6211354045853212,0.5032891812864634,59.03348769977956,-1.4799999999999969,-0.9099999999999996,-1.3199999999999932,0.0,51.48,48.36,4.22,3.63,175.01,62.62,0.0,2.0,0,0.1674602329797486,0,0,0.0
88.02,3.37,900.62,8,71.244,5.692,1689.6480000000004,15.8,20.254452103179688,2.3413073271144964,1533.0111596691008,-7.200000000000003,-1.84,291.78,-3.0,95.22,45.25,5.21,4.64,608.84,3216.49,11.0,34.0,0,0.0035216694461592,1,1,1.0
33.78,3.74,227.61,1,40.05200000000001,4.256,192.638,1.0,7.868241226601965,0.9582953615665696,53.145218693688896,-5.170000000000002,0.1900000000000004,89.24000000000001,0.0,38.95,32.77,3.55,4.18,138.37,242.41,1.0,2.0,0,0.1511093721999069,0,0,0.0
40.33,4.65,185.76,1,39.03,4.148000000000001,167.51999999999998,1.4,4.443450236021336,0.4956510869553312,27.378360980892104,3.780000000000001,1.2100000000000004,10.319999999999991,0.0,36.55,42.77,3.44,4.37,175.44,122.57,1.0,3.0,0,0.1674936348356452,0,0,0.0
46.89,4.7,150.28,0,39.122,3.5980000000000003,180.02399999999997,0.4,5.432630118091937,0.6836080748499092,35.87802154523013,7.969999999999999,1.48,-38.28999999999999,-1.0,38.92,41.63,3.22,3.33,188.57,174.34,1.0,0.0,0,0.1619619564420318,0,0,0.0
81.87,4.45,682.33,11,74.042,5.908,1126.288,11.8,15.402930565317767,1.9193019564414644,1001.1129237853228,-8.199999999999989,-1.1399999999999997,40.00999999999999,5.0,90.07,83.02,5.59,4.37,642.32,746.27,6.0,12.0,0,0.0670085634815013,1,1,1.0
30.17,2.58,145.52,1,44.04600000000001,3.398,190.022,0.6,9.635633347113188,1.0044500983125024,58.37962675454526,-23.48,-1.96,-21.879999999999995,1.0,53.65,48.18,4.54,4.26,167.4,157.62,0.0,1.0,0,0.1234942169028584,0,0,0.0
44.79,4.83,178.16,1,48.118,4.216,197.894,0.6,6.607024292372505,1.0756765313048346,30.17042392807897,-2.020000000000003,-0.6299999999999999,-35.129999999999995,1.0,46.81,43.85,5.46,4.61,213.29,176.5,0.0,0.0,0,0.1699382060748137,0,0,0.0
41.89,5.67,3204.39,30,62.898,5.584,2385.868,19.8,18.57283957826591,1.6093880824711035,1483.7205253247676,-11.47,1.21,-314.75,4.0,53.36,91.79,4.46,4.45,3519.14,1065.9,26.0,18.0,1,-0.0471102292663384,1,1,1.0
80.67,7.91,477.48,18,86.75,6.5680000000000005,782.1280000000002,13.4,8.367147064561431,1.805178661518036,321.3913756154649,4.769999999999996,-0.9900000000000002,75.02000000000004,3.0,75.9,94.45,8.9,6.15,402.46,956.46,15.0,8.0,0,0.0068270184108941,1,1,1.0
49.25,3.92,168.13,0,49.354,3.496,194.012,0.8,6.488430472772312,0.4874217885979184,47.56789904967466,-6.619999999999997,0.5099999999999998,-93.32,0.0,55.87,41.24,3.41,3.87,261.45,226.74,0.0,1.0,0,0.1767567173682616,0,0,0.0
65.79,9.4,297.77,19,61.54600000000001,7.868,1432.4620000000002,18.8,7.541447473794294,1.9655711638096585,1434.6874605536907,11.31000000000001,4.510000000000001,-3139.16,-7.0,54.48,52.36,4.89,6.86,3436.93,2477.66,26.0,28.0,1,-0.0601357431255078,1,1,0.992
42.09,3.46,213.06,1,47.48,3.966,214.078,0.8,8.538436625050318,0.4900816258543063,49.08375006048349,6.210000000000001,-0.8600000000000003,-47.54000000000002,0.0,35.88,51.19,4.32,3.55,260.6,131.7,1.0,0.0,0,0.184854964776436,0,0,0.0
44.85,4.05,224.56,3,45.034,4.555999999999999,220.996,1.8,2.8216980703114096,0.3069690538148858,48.789098474967325,3.289999999999999,-0.6900000000000004,55.170000000000016,2.0,41.56,48.14,4.74,4.58,169.39,175.82,1.0,2.0,0,0.1723537043021465,0,0,0.0
40.86,3.94,139.53,1,47.838,4.144,151.75,0.8,7.176368858970321,0.2417229819442087,33.755902446831364,-16.590000000000003,-0.2900000000000005,-45.43000000000001,-1.0,57.45,46.19,4.23,3.92,184.96,185.84,2.0,0.0,0,0.1663941959946629,0,0,0.0
100.0,4.49,750.86,9,72.048,6.587999999999999,1381.8780000000002,11.0,23.098670308050195,2.2879401215941013,1667.720898462929,11.540000000000006,-0.2799999999999993,-154.61,2.0,88.46,67.39,4.77,8.7,905.47,419.61,7.0,10.0,0,0.0338986859305066,1,1,1.0
42.4,4.97,244.51,0,44.112,3.94,210.256,0.6,2.447696876657677,0.6259392941811531,49.998295770956304,0.3299999999999983,0.8999999999999995,99.11,0.0,42.07,42.53,4.07,3.43,145.4,242.73,0.0,1.0,0,0.1749565770090632,0,0,0.0
61.96,8.51,444.24,10,64.898,6.496,1831.292,16.0,13.342768453360756,2.3538542860593625,1681.090900596991,8.480000000000004,3.61,-3195.0200000000004,-16.0,53.48,69.47,4.9,9.55,3639.26,373.93,26.0,9.0,1,-0.0233605442118284,1,1,1.0
64.56,4.56,3474.63,23,66.316,5.412,2129.6240000000007,19.6,14.7242531219753,2.292764706636952,1462.4135627721737,-26.480000000000004,-0.1400000000000005,2575.07,13.0,91.04,55.71,4.7,3.51,899.56,2539.23,10.0,20.0,1,-0.0211696494282072,1,1,1.0
48.66,4.17,222.88,1,45.544,4.262,153.044,1.0,4.9055509374584405,0.2273103605205925,59.740704130433706,1.3799999999999957,-0.4000000000000003,53.22,0.0,47.28,36.99,4.57,4.14,169.66,93.96,1.0,1.0,0,0.1767950280932196,0,0,0.0
58.89,4.65,221.98,1,46.082,4.068,190.028,0.8,7.404942268512327,0.5993913579623926,40.32271407036004,13.4,-0.0899999999999998,76.98999999999998,-1.0,45.49,42.09,4.74,3.56,144.99,172.08,2.0,0.0,0,0.174726987958013,0,0,0.0
41.54,4.44,229.94,1,43.196,3.812,199.048,1.6,2.745966132347515,0.8066721762897232,36.3668003816671,1.990000000000002,-0.0899999999999998,30.27000000000001,-2.0,39.55,43.57,4.53,2.55,199.67,189.93,3.0,2.0,0,0.1600364685790159,0,0,0.0
49.48,5.88,122.63,0,46.084,4.134,200.474,1.0,5.937392525343008,1.228527573968122,71.96493889388115,12.639999999999992,3.16,-101.67000000000002,-1.0,36.84,45.28,2.72,4.82,224.3,133.23,1.0,1.0,0,0.1258023371897246,0,0,0.0
56.54,4.59,3366.22,25,55.24,6.63,2205.222,18.2,4.222007816193523,2.3106384399122315,1564.9546104344377,5.329999999999998,-0.6100000000000003,305.4899999999998,3.0,51.21,52.89,5.2,9.7,3060.73,563.72,22.0,12.0,1,-0.0333747736421166,1,1,1.0
41.45,4.55,169.76,0,41.924,3.92,167.612,1.4,4.208518741790185,0.4662081080376012,17.864976070513283,-0.6299999999999955,0.33,-21.01000000000002,-1.0,42.08,41.1,4.22,3.86,190.77,168.78,1.0,1.0,0,0.1831355776102194,0,0,0.0
59.65,8.53,425.46,8,67.89,5.634,1567.71,12.6,17.670751257374448,1.715001457725336,1387.610526498701,12.93,4.27,-2173.39,-12.0,46.72,61.14,4.26,5.34,2598.85,3489.59,20.0,18.0,0,0.0019424859939215,1,1,1.0
65.46,9.27,529.21,14,69.434,7.434,1026.872,12.8,14.748909451210244,2.2760118628864943,1125.8531433184353,-3.830000000000013,0.3399999999999998,54.58000000000004,2.0,69.29,53.45,8.93,4.6,474.63,3040.07,12.0,14.0,0,0.0400098269932645,1,1,1.0
97.73,4.76,506.27,8,78.148,6.496,934.4980000000002,11.2,18.42048913574229,2.53819424000608,779.0666185378509,0.2700000000000102,0.0999999999999996,6.009999999999991,0.0,97.46,57.95,4.66,4.84,500.26,2319.5,8.0,20.0,0,0.0324234926007913,1,1,1.0
49.28,3.03,182.4,0,42.99400000000001,3.822,162.658,0.2,5.392729364616666,0.5218907931742021,18.167832011553635,11.61,-1.4500000000000006,6.760000000000019,0.0,37.67,47.94,4.48,3.82,175.64,147.9,0.0,0.0,0,0.1585414201118588,0,0,0.0
44.35,4.27,224.11,2,46.73,4.212,222.724,1.0,5.200903767615823,0.4048703496182485,11.9731837871141,-9.85,-0.0600000000000005,-13.019999999999982,2.0,54.2,48.12,4.33,4.8,237.13,203.8,0.0,1.0,0,0.1819766629710215,0,0,0.0
51.44,4.36,260.01,0,46.938,4.142,169.492,0.6,3.3837582655974594,0.3633455655433273,80.68845097038376,5.280000000000001,-0.3199999999999994,32.41999999999999,0.0,46.16,42.32,4.68,3.88,227.59,177.44,0.0,0.0,0,0.1803278296896537,0,0,0.0
44.67,3.93,276.62,2,43.888,4.318,219.5,1.0,8.057004406105252,0.6264742612430324,54.91929214766013,-4.259999999999998,-0.8599999999999999,117.54,1.0,48.93,53.98,4.79,4.68,159.08,278.17,1.0,1.0,0,0.1758847307663462,0,0,0.0
36.89,3.96,241.67,0,38.942,4.256,183.01,0.6,2.132503223912718,0.6376754660483667,33.3431019852687,-2.5700000000000003,-1.1799999999999995,69.07999999999998,-1.0,39.46,36.56,5.14,4.01,172.59,173.04,1.0,2.0,0,0.1544300418735925,0,0,0.0
41.33,4.65,169.61,0,43.336,3.932,170.856,0.2,3.5353330819031874,0.470446596331612,24.61647883024748,0.8599999999999994,1.1300000000000003,11.470000000000027,0.0,40.47,46.12,3.52,3.81,158.14,170.56,0.0,1.0,0,0.1733160282156117,0,0,0.0
90.86,4.92,743.26,10,88.49600000000001,5.914,798.2140000000002,11.4,7.856126908343566,1.8773997975924093,221.8886072559716,15.799999999999995,-4.25,233.8,0.0,75.06,95.43,9.17,4.43,509.46,1115.79,10.0,7.0,0,0.0006991883409103,1,1,1.0
91.96,4.95,659.77,12,78.958,5.93,1150.1520000000005,13.0,16.60230164766326,1.3941843493598791,1046.835800983133,3.059999999999988,-1.0099999999999998,-387.43000000000006,2.0,88.9,57.23,5.96,5.17,1047.2,2983.43,10.0,17.0,0,0.0432779060578599,1,1,1.0
74.28,10.12,386.45,12,82.716,5.683999999999999,1327.0100000000002,12.0,19.30586646592169,2.586876494925884,1329.542447498386,-23.849999999999994,5.109999999999999,-454.23,1.0,98.13,99.73,5.01,3.3,840.68,902.62,11.0,11.0,0,0.0102754581262487,1,1,1.0
96.34,5.15,829.76,12,74.89599999999999,5.488,1771.4960000000003,15.6,17.70432376567938,1.989489884367356,1422.5049035873317,36.59,-3.83,350.85,4.0,59.75,68.35,8.98,4.14,478.91,3095.93,8.0,24.0,0,0.0083696443064144,1,1,1.0
41.4,5.02,248.41,0,45.338,4.462,223.894,0.6,7.509811582190345,0.4121528842553515,24.23542510458635,5.969999999999999,0.8299999999999992,19.879999999999995,0.0,35.43,52.43,4.19,4.01,228.53,217.0,0.0,1.0,0,0.1752196007032141,0,0,0.0
43.35,4.73,201.91,1,44.992,4.504,203.174,0.4,3.842384676213476,0.6781445273686181,36.987138710638646,1.8000000000000045,-0.3799999999999999,13.639999999999986,0.0,41.55,41.82,5.11,3.39,188.27,242.92,1.0,0.0,0,0.183637569803267,0,0,0.0
25.55,4.83,123.88,0,41.388,4.446000000000001,147.28,1.2,9.65415817148235,0.3300454514154125,43.08375912104247,-19.09,0.3399999999999998,-8.490000000000009,0.0,44.64,39.44,4.49,3.98,132.37,148.53,0.0,2.0,0,0.1242288446816754,0,0,0.0
32.26,4.52,299.63,0,42.382,4.178,224.606,0.6,9.520788832864614,0.327978657842249,72.26242647462105,-9.14,0.0299999999999993,13.659999999999968,-1.0,41.4,39.96,4.49,4.18,285.97,169.71,1.0,1.0,0,0.1638697496182898,0,0,0.0
53.85,4.32,158.41,1,44.338,3.888,165.432,1.0,6.53980657206311,0.6007245625076436,13.407893943495,6.980000000000004,0.9500000000000002,4.219999999999999,0.0,46.87,43.72,3.37,3.61,154.19,165.47,1.0,0.0,0,0.1829670794870795,0,0,0.0
93.57,5.32,562.67,7,68.9,4.636,2089.3280000000004,19.2,20.503900848375142,0.6642890936934169,1375.8852756570966,4.889999999999986,0.9500000000000002,-41.55000000000007,-9.0,88.68,50.45,4.37,5.37,604.22,3179.81,16.0,24.0,1,-0.0197165414511518,1,1,0.996
40.64,3.35,153.17,3,44.916,3.84,154.512,1.0,6.520991489029822,0.3695943722515232,37.62115920595775,5.060000000000002,-0.9199999999999996,-1.3500000000000227,2.0,35.58,48.73,4.27,4.1,154.52,198.45,1.0,0.0,0,0.1722846468460885,0,0,0.0
85.62,3.57,615.64,9,86.776,4.762,1130.0020000000002,10.4,14.616094895696284,1.1763800406331404,962.005733621168,-10.939999999999998,-2.73,-329.98,-1.0,96.56,91.83,6.3,5.7,945.62,662.64,10.0,8.0,0,0.0225113973169748,1,1,1.0
49.63,4.77,121.76,1,44.288,4.3740000000000006,152.748,1.4,7.474952842660595,0.6714387537221872,45.17116303572443,3.220000000000006,1.0399999999999996,-95.71999999999998,0.0,46.41,31.73,3.73,4.65,217.48,101.87,1.0,0.0,0,0.1558635393232937,0,0,0.0
42.15,4.55,176.06,0,44.232,4.208,184.31,0.8,4.928754406541282,0.2925235033292221,61.72831927081776,-0.8400000000000034,0.6099999999999999,-78.80000000000001,-1.0,42.99,37.8,3.94,4.05,254.86,92.33,1.0,1.0,0,0.1858333800588739,0,0,0.0
94.51,6.13,858.22,7,78.402,7.1,1211.8940000000002,13.2,12.688146830802438,1.1967038062946256,1515.8821257043692,7.13000000000001,-0.33,122.17000000000009,-8.0,87.38,62.14,6.46,6.21,736.05,3879.58,15.0,21.0,1,-0.0093939254648921,1,1,1.0
92.78,4.38,1070.06,18,78.15,4.792,1925.9480000000003,18.2,18.63321094175665,0.6717663284208357,1367.8101615977268,7.650000000000006,0.4899999999999997,340.55999999999995,7.0,85.13,61.02,3.89,5.62,729.5,2984.63,11.0,31.0,1,-0.015041650038809,1,1,1.0
44.46,4.5,124.28,3,48.344,3.612000000000001,178.474,1.8,3.250204608943696,0.5375127905454844,34.16098403149462,-4.789999999999999,1.06,-49.25,1.0,49.25,46.18,3.44,3.54,173.53,195.33,2.0,1.0,0,0.1660582433839144,0,0,0.0
49.56,3.71,187.57,1,38.294,4.354000000000001,231.316,1.2,7.641052283553578,0.5478412178724813,38.46298779346286,14.060000000000002,-0.4199999999999999,-24.129999999999995,-1.0,35.5,30.46,4.13,4.74,211.7,227.65,2.0,0.0,0,0.1548249142415579,0,0,0.0
51.76,4.29,278.65,0,49.062,4.102,223.594,1.2,5.140522346999457,0.2968501305372812,61.024020926189785,-4.330000000000005,0.08,-9.120000000000005,0.0,56.09,49.18,4.21,4.11,287.77,189.78,0.0,2.0,0,0.1860443118278499,0,0,0.0
53.36,5.75,2888.39,18,54.766,6.798,2074.684,17.0,7.559453022540612,2.2682746747252738,1420.0296906332646,-2.1300000000000026,-3.289999999999999,2373.52,5.0,55.49,59.23,9.04,4.76,514.87,3526.31,13.0,15.0,1,-0.0112746233051115,1,1,1.0
42.55,5.92,131.64,0,49.096,4.2700000000000005,178.498,0.4,6.33043284460082,1.0607780163634628,44.834790286116124,-9.660000000000004,2.03,-91.52,-1.0,52.21,43.04,3.89,3.95,223.16,152.58,1.0,0.0,0,0.1428929562445794,0,0,0.0
50.14,3.88,248.94,1,42.57,4.128,232.908,0.6,5.308144685292572,0.540897402471117,51.594888506517805,7.82,0.1099999999999998,-38.0,1.0,42.32,35.91,3.77,4.98,286.94,271.12,0.0,2.0,0,0.1740976130613131,0,0,0.0
40.33,3.58,181.67,2,43.638,3.628,234.738,0.6,2.67495233602378,0.2799464234456221,43.9371149485268,-1.4299999999999995,-0.1600000000000001,-65.9,2.0,41.76,47.09,3.74,3.98,247.57,196.9,0.0,0.0,0,0.1700482368377642,0,0,0.0
73.49,8.83,162.23,9,73.588,6.274,1492.3780000000002,15.4,11.181418514660873,1.9707942561312768,1520.0394576687795,-1.0,0.96,-261.16,-5.0,74.49,68.92,7.87,4.92,423.39,2790.95,14.0,27.0,0,0.0177224620498356,1,1,0.996
41.54,4.44,104.02,1,48.29,4.3420000000000005,185.328,0.4,5.525875496245009,0.4080073528749267,50.90353199926325,-9.160000000000004,0.1500000000000003,-97.25,1.0,50.7,56.26,4.29,4.96,201.27,197.73,0.0,1.0,0,0.1672077907842032,0,0,0.0
53.6,5.15,3591.2,22,64.836,6.638000000000001,1816.9280000000003,15.0,13.40715592510205,2.2162062178416595,1661.722265022047,-8.36,-3.3599999999999994,3146.96,12.0,61.96,53.48,8.51,4.9,444.24,3639.26,10.0,26.0,1,-0.0312301295833326,1,1,1.0
41.25,3.9,273.85,0,43.720000000000006,3.966,223.158,0.4,8.99782751557281,0.7003784691150913,72.64964053593147,3.93,-0.1700000000000003,149.68,-1.0,37.32,33.95,4.07,2.87,124.17,214.78,1.0,0.0,0,0.1479110876590943,0,0,0.0
44.57,5.44,159.46,2,44.754,4.513999999999999,213.932,1.2,6.811723717239276,0.5407217398995565,57.80341702702364,-8.57,1.2200000000000006,10.210000000000008,1.0,53.14,49.88,4.22,4.09,149.25,279.03,1.0,0.0,0,0.1688951264685818,0,0,0.0
55.35,8.86,616.41,12,67.72200000000001,6.764,1583.458,14.6,11.608719567635353,2.344393311712017,1362.611103569173,-2.68,4.169999999999999,-2141.79,-2.0,58.03,84.1,4.69,6.13,2758.2,707.27,14.0,15.0,0,0.0238003234272656,1,1,1.0
28.82,3.4,212.07,1,39.026,4.07,180.17,1.2,6.557314999296421,0.8083934685535259,61.6043427852293,-14.54,-1.7600000000000002,26.90000000000001,0.0,43.36,43.53,5.16,4.08,185.17,73.52,1.0,2.0,0,0.1420220976942712,0,0,0.0
39.37,3.27,355.5,0,45.456,3.906,239.738,0.8,6.937797200841222,0.8328745403720781,85.52178856876185,2.640000000000001,-1.4700000000000002,55.72000000000003,0.0,36.73,51.32,4.74,4.22,299.78,212.51,0.0,0.0,0,0.1521059205709758,0,0,0.024
51.47,4.37,195.05,2,49.29,4.2700000000000005,188.264,2.0,5.016816719793451,0.4106701839676239,57.402640444495496,9.22,0.1900000000000004,101.41,0.0,42.25,55.1,4.18,4.2,93.64,242.34,2.0,3.0,0,0.1758251648476481,0,0,0.0
48.64,4.82,111.19,1,42.582,4.01,201.672,1.0,7.073031174821643,0.7579907651152487,84.93019733875603,12.980000000000004,0.5100000000000007,-84.03999999999999,1.0,35.66,36.55,4.31,2.9,195.23,149.8,0.0,2.0,0,0.1512310144582564,0,0,0.0
50.26,3.69,260.95,1,46.404,4.505999999999999,201.694,0.8,6.0736916286554266,0.729506682628751,42.29496695825693,-3.760000000000005,-0.5500000000000003,63.78,-1.0,54.02,38.05,4.24,5.66,197.17,215.5,2.0,0.0,0,0.1698377230909207,0,0,0.0
44.55,3.81,199.96,1,48.178,4.39,219.984,0.8,4.6692579710271325,0.7046985170979166,34.0194051976221,-2.0,-0.7799999999999998,15.610000000000014,0.0,46.55,46.05,4.59,5.35,184.35,217.78,1.0,0.0,0,0.1836344598407935,0,0,0.0
45.52,3.89,154.61,1,45.274,4.212,182.338,1.4,2.803226712201491,0.6385295607879111,44.21165197094555,4.140000000000001,0.33,-90.5,0.0,41.38,47.23,3.56,4.01,245.11,200.78,1.0,1.0,0,0.1938977868335822,0,0,0.0
50.56,3.94,106.17,1,41.92999999999999,4.144,184.358,0.8,5.482462950171139,0.5127182462132615,56.60807645557316,13.86,-0.8000000000000003,-69.23,1.0,36.7,39.75,4.74,4.46,175.4,260.0,0.0,2.0,0,0.1738775036307297,0,0,0.0
45.18,4.26,214.37,1,47.104,4.092,235.666,0.8,2.94343846546852,0.6312844050030061,112.78921615119096,0.009999999999998,-0.3200000000000003,28.74000000000001,1.0,45.17,49.09,4.58,3.48,185.63,286.23,0.0,2.0,0,0.174243786878592,0,0,0.032
54.46,4.39,130.14,2,49.67999999999999,4.194,180.766,1.0,6.241966837463923,0.1633401359127654,55.10044355538377,7.960000000000001,0.08,-5.5,1.0,46.5,46.31,4.31,4.17,135.64,266.29,1.0,0.0,0,0.1751816154664215,0,0,0.0
38.26,3.74,232.02,2,45.328,3.956,191.388,1.0,4.948451272873074,0.2476489450815384,51.9262079301006,-10.79,-0.2599999999999998,55.34,2.0,49.05,44.7,4.0,4.33,176.68,249.83,0.0,1.0,0,0.1797536006087851,0,0,0.0
62.4,8.96,552.02,7,74.4,6.684,1144.4500000000005,12.2,17.4470341319091,2.1816690858148124,1079.996166729307,2.8599999999999994,4.650000000000001,-2518.59,-11.0,59.54,94.88,4.31,6.27,3070.61,787.54,18.0,11.0,0,0.0096447889931144,1,1,1.0
64.52,8.2,639.03,7,54.976,6.054,2172.0,14.8,6.125486103159519,1.8285732142848528,1529.240365017875,12.769999999999996,4.119999999999999,-3021.08,-18.0,51.75,48.13,4.08,5.68,3660.11,2866.09,25.0,17.0,1,-0.0563550412858886,1,1,1.0
48.46,5.13,273.21,0,47.190000000000005,4.168,226.23200000000003,1.0,7.705455859324657,0.7004784079470276,74.85428691798506,4.950000000000003,0.4799999999999995,128.80999999999997,-1.0,43.51,54.87,4.65,3.78,144.4,331.04,1.0,2.0,0,0.1645347765405823,0,0,0.0
52.29,4.23,3223.38,22,69.536,6.706,1113.1340000000002,12.6,21.067184909237405,2.235146527635275,1185.5873878925995,-41.77,-1.86,2594.57,15.0,94.06,52.65,6.09,8.57,628.81,490.04,7.0,12.0,1,-0.0104785830426868,1,1,1.0
38.78,3.4,169.66,0,45.288,4.01,180.1,0.8,6.3084601924717045,0.6403905058634154,57.82124868938767,-9.449999999999996,-0.8800000000000003,82.0,-1.0,48.23,54.14,4.28,3.64,87.66,242.42,1.0,1.0,0,0.1800786092776858,0,0,0.0
46.56,3.56,177.85,2,40.334,3.91,212.07200000000003,0.8,5.64309578157228,0.6447480127925945,45.213211785937375,1.2700000000000031,-1.14,-57.05000000000001,0.0,45.29,35.23,4.7,3.03,234.9,270.17,2.0,0.0,0,0.161504265472492,0,0,0.0
36.13,4.44,188.84,2,43.818,4.17,204.098,1.6,4.9022770219562215,0.2477902338672797,9.205102932613077,-7.059999999999995,0.4100000000000001,-23.359999999999985,0.0,43.19,44.31,4.03,4.44,212.2,208.67,2.0,3.0,0,0.1778125625797308,0,0,0.0
55.62,3.57,155.67,2,47.502,3.626,190.57,2.0,6.068016150275144,0.6610068078318068,35.68490997606743,10.829999999999998,0.8599999999999999,-2.4000000000000057,1.0,44.79,40.78,2.71,3.47,158.07,184.61,1.0,2.0,0,0.157938239353602,0,0,0.0
87.45,4.77,847.46,16,72.626,5.986,1794.038,17.8,20.876310258280807,2.0219371899245617,1426.3900316428185,14.730000000000004,-4.73,478.0700000000001,0.0,72.72,97.54,9.5,5.77,369.39,1108.0,16.0,13.0,0,0.0086504872937608,1,1,1.0
50.84,3.61,170.77,1,49.276,3.772,183.784,0.4,5.1143210693111865,0.2579147145860368,62.74083184019823,2.0500000000000043,-0.2600000000000002,75.12,1.0,48.79,41.63,3.87,4.05,95.65,222.92,0.0,1.0,0,0.1785449662152076,0,0,0.0
39.96,4.18,169.71,1,46.916,4.09,199.71,0.8,7.61234720700524,0.7046630400411263,54.7949774158181,-0.1899999999999977,0.3499999999999996,-64.94,0.0,40.15,58.14,3.83,3.87,234.65,133.07,1.0,0.0,0,0.1856862022258889,0,0,0.0
69.39,9.19,490.39,9,56.726,6.766,2214.452,18.0,7.3369700830792,2.463885143426948,1552.0548436089505,12.85,4.6,-2875.83,-16.0,56.54,51.21,4.59,5.2,3366.22,3060.73,25.0,22.0,1,-0.0552584288807824,1,1,1.0
45.29,4.9,244.85,0,41.948,4.209999999999999,172.776,0.4,2.0421728624186635,0.5455272678794376,55.77142843786605,5.469999999999999,1.3800000000000003,155.13,0.0,39.82,41.45,3.52,4.55,89.72,169.76,0.0,0.0,0,0.1569331142479919,0,0,0.0
42.99,3.94,254.86,1,44.664,4.398,193.308,1.0,4.7934517834229,0.6546143903092893,63.4793011146154,5.190000000000005,-0.1099999999999998,162.53000000000003,0.0,37.8,50.19,4.05,4.5,92.33,173.7,1.0,1.0,0,0.185613848655314,0,0,0.0
42.82,4.47,196.79,1,49.672,3.85,210.632,1.0,7.207500953867435,0.4049073968205548,40.0523722143902,-15.97,0.6499999999999999,6.519999999999982,-2.0,58.79,53.46,3.82,3.87,190.27,237.25,3.0,1.0,0,0.1644047295002931,0,0,0.0
52.42,5.48,3647.88,19,68.888,6.192,2266.6420000000003,14.2,13.107450934487602,1.910908161058511,1583.0287843624333,-20.36,0.29,858.48,4.0,72.78,87.85,5.19,5.9,2789.4,888.5,15.0,12.0,1,-0.0036493210282151,1,1,1.0
41.4,3.91,133.7,0,43.906,3.698,213.818,1.4,3.5623208726895954,0.5846965024694436,56.48067342020641,-4.789999999999999,0.4700000000000002,-48.31,-3.0,46.19,47.77,3.44,2.81,182.01,272.42,3.0,1.0,0,0.1547991790336103,0,0,0.0
41.08,3.21,281.59,1,42.844,3.9,229.602,1.2,5.207295843333576,0.675388776927776,60.93734052286882,-8.96,-1.6100000000000003,71.46999999999997,0.0,50.04,40.91,4.82,4.17,210.12,285.13,1.0,1.0,0,0.1720215737238909,0,0,0.0
49.18,4.11,189.78,2,41.928,4.114,189.758,1.6,7.694307636168356,0.6922644003558186,30.12820223644347,5.57,-0.1999999999999993,-29.539999999999992,0.0,43.61,44.67,4.31,3.59,219.32,142.45,2.0,2.0,0,0.188316932717833,0,0,0.0
44.98,4.64,190.71,0,45.23,4.226,180.71,1.2,3.941655743466063,0.4730539081331027,60.56345226289556,0.269999999999996,0.3399999999999998,46.57000000000002,-1.0,44.71,39.2,4.3,4.29,144.14,101.65,1.0,3.0,0,0.1831199981409366,0,0,0.0
97.48,4.66,1038.34,8,88.664,4.662000000000001,989.564,10.8,17.29828690940234,0.1697645428233668,776.0523400712103,4.780000000000001,0.2700000000000004,454.8899999999999,-2.0,92.7,97.73,4.39,4.76,583.45,506.27,10.0,8.0,0,0.00956212430928,1,1,1.0
70.97,9.07,486.78,14,69.436,5.616,1780.832,15.4,21.22345353612366,1.9748493613438016,1344.04746146481,29.12,4.15,-3022.15,-14.0,41.85,54.94,4.92,4.87,3508.93,2927.65,28.0,17.0,1,-0.032199216207877,1,1,1.0
40.71,4.12,234.78,0,43.666,4.514,198.8,0.8,5.05393707914929,0.55319978308022,37.667130896844434,2.18,-0.1200000000000001,54.13,0.0,38.53,45.39,4.24,5.39,180.65,145.41,0.0,1.0,0,0.1790221203932154,0,0,0.0
37.32,3.92,195.97,0,39.788,3.912,173.936,0.8,5.313621175808283,0.7242720483354296,42.88207527627406,-11.32,-0.9000000000000004,84.78,-1.0,48.64,35.66,4.82,4.31,111.19,195.23,1.0,0.0,0,0.159760286223624,0,0,0.0
58.14,3.83,266.07,0,47.242,3.914,205.874,1.0,9.101555910941835,0.2390188277102868,44.05155649917489,9.619999999999996,0.2800000000000002,98.54,-1.0,48.52,36.59,3.55,3.96,167.53,190.94,1.0,1.0,0,0.1652467836564787,0,0,0.0
54.02,4.11,222.74,1,45.118,4.09,208.632,0.6,5.314773748712129,0.306838719851326,27.32940394520244,10.550000000000004,-0.0899999999999998,24.420000000000016,0.0,43.47,45.64,4.2,3.95,198.32,241.02,1.0,1.0,0,0.1937622435959968,0,0,0.0
37.03,3.84,138.04,0,40.82600000000001,4.218000000000001,194.84,1.4,6.971408035684021,0.2794995527724535,52.12042929600637,3.789999999999999,-0.2999999999999998,-139.41,-2.0,33.24,46.25,4.14,4.62,277.45,205.09,2.0,1.0,0,0.1619442632875972,0,0,0.0
62.18,3.88,3607.09,17,68.258,6.436,1664.572,14.6,18.314897488110613,2.4958926258955976,1606.4207516930303,-17.93,-5.53,3233.55,2.0,80.11,52.29,9.41,4.23,373.54,3223.38,15.0,22.0,1,-0.0288593947646382,1,1,1.0
46.41,4.17,273.63,0,42.012,4.004,219.592,0.6,3.3631859895043834,0.6417398226695918,50.49301308102007,1.6199999999999974,0.1899999999999999,29.829999999999984,0.0,44.79,40.39,3.98,3.64,243.8,247.77,0.0,0.0,0,0.1859651409156303,0,0,0.0
66.31,8.77,505.74,12,63.334,6.5,1616.5060000000003,17.6,18.92552324243636,2.4429695045170003,1461.6495343549352,27.880000000000003,3.56,-2302.54,-6.0,38.43,51.76,5.21,4.25,2808.28,3551.66,18.0,26.0,1,-0.0251939833977986,1,1,1.0
47.17,4.12,188.3,1,49.156000000000006,4.368,182.632,1.0,3.3483772188928334,0.6058630208223656,57.11248173560664,-3.8500000000000014,0.1499999999999999,51.18000000000001,0.0,51.02,44.57,3.97,5.44,137.12,159.46,1.0,2.0,0,0.1739139777854749,0,0,0.0
55.12,3.3,160.0,3,42.336,3.61,181.486,1.4,7.373549348854956,0.4816637831516874,45.61681137475543,16.61,-0.3800000000000003,-29.849999999999994,3.0,38.51,41.12,3.68,4.31,189.85,134.04,0.0,2.0,0,0.1478773215543583,0,0,0.0
46.35,3.73,223.67,1,43.35,3.656,208.882,1.4,7.365802739688267,0.235116992154955,37.18772203295128,10.14,-0.1800000000000001,74.72999999999999,-1.0,36.21,37.65,3.91,3.7,148.94,247.58,2.0,2.0,0,0.1699802683139917,0,0,0.0
56.17,4.32,3528.87,21,74.738,6.390000000000001,1832.99,14.6,16.246460229847028,1.6080578347808374,1732.7314056569762,-38.34,-1.81,2670.65,14.0,94.51,87.38,6.13,6.46,858.22,736.05,7.0,15.0,1,-0.010527565437951,1,1,1.0
54.35,7.69,416.07,13,71.846,6.15,1220.596,11.2,22.362573197197143,1.8424575978838813,1333.8105686640822,5.539999999999999,3.420000000000001,-3176.74,-8.0,48.81,94.75,4.27,4.89,3592.81,803.72,21.0,6.0,1,-0.0168308313163625,1,1,1.0
42.18,4.33,183.57,2,46.69199999999999,4.056,198.624,0.8,5.210289819194316,0.4616600480873346,58.28611138170052,-7.420000000000002,-0.3700000000000001,-48.35,2.0,49.6,54.48,4.7,3.98,231.92,154.97,0.0,1.0,0,0.1871697005079073,0,0,0.0
49.88,4.33,179.65,1,45.406,3.916,181.728,0.6,6.437497961164742,0.5244806955456032,38.80487044173712,6.810000000000002,0.4599999999999999,27.349999999999994,1.0,43.07,40.3,3.87,3.41,152.3,200.71,0.0,0.0,0,0.1903546535726972,0,0,0.0
34.78,4.46,186.3,1,41.574,3.65,182.94,1.4,5.230241868212078,0.5686826883245134,60.34887115762839,-12.670000000000002,1.36,-91.83999999999996,1.0,47.45,39.13,3.1,3.95,278.14,153.78,0.0,2.0,0,0.1506150606435093,0,0,0.0
35.91,5.34,169.57,0,44.09,4.214,183.596,0.8,5.324025732469647,0.9535617441990846,43.88494935624318,-10.310000000000002,0.2999999999999998,10.799999999999985,-2.0,46.22,48.8,5.04,4.09,158.77,144.69,2.0,0.0,0,0.1594810005862752,0,0,0.0
41.96,4.08,234.49,1,43.316,4.142,209.22,1.4,2.9615924770298268,0.67429222151824,77.16102383976002,-4.509999999999998,-1.13,99.10000000000002,-1.0,46.47,46.46,5.21,3.59,135.39,269.07,2.0,2.0,0,0.1713042691817525,0,0,0.0
68.92,4.92,2790.95,27,75.112,4.786,2250.092,17.4,14.779525364503463,0.4473030292765947,1391.056649554576,-21.93,0.6399999999999997,2169.23,23.0,90.85,60.19,4.28,5.47,621.72,3463.6,4.0,23.0,1,-0.0542736070798025,1,1,1.0
55.78,4.3,147.17,0,48.2,4.630000000000001,158.75,0.6,7.903622587143153,0.5327288240746897,12.921811018584467,1.490000000000002,-0.08,-26.380000000000024,-1.0,54.29,35.91,4.38,5.34,173.55,169.57,1.0,0.0,0,0.1579819802170534,0,0,0.0
46.0,3.95,216.2,0,45.06,3.9900000000000007,213.04,1.0,4.127535584340746,0.2141261310536361,29.812684380982144,-1.2899999999999991,0.02,25.72999999999999,-2.0,47.29,38.26,3.93,3.74,190.47,232.02,2.0,2.0,0,0.186277427773144,0,0,0.0
63.47,3.71,214.03,1,51.436,4.44,242.504,0.8,7.89202002024841,0.6574191965557483,69.40904501576169,16.6,-1.2199999999999998,-35.81,1.0,46.87,48.46,4.93,5.13,249.84,273.21,0.0,0.0,0,0.1471807510783324,0,0,0.008
42.51,3.49,184.9,2,45.432,4.220000000000001,186.444,0.8,6.256222502437071,0.4890807704255018,41.17087963597592,-4.520000000000003,-0.7999999999999998,-49.06,1.0,47.03,51.86,4.29,4.51,233.96,186.83,1.0,0.0,0,0.194366906199591,0,0,0.0
45.33,4.6,162.88,0,45.026,4.604000000000001,235.766,0.6,5.847437900482542,0.4674184420837567,54.0071748011322,1.0799999999999983,-0.3100000000000005,-104.19,-1.0,44.25,39.06,4.91,4.73,267.07,250.57,1.0,1.0,0,0.1801367209089612,0,0,0.0
42.94,3.62,235.99,1,42.11,3.638,221.796,0.6,3.2750038167916493,0.8190054944870607,46.83524292666795,0.4600000000000008,0.91,45.54000000000002,1.0,42.48,36.51,2.71,3.41,190.45,290.22,0.0,1.0,0,0.1497354398004399,0,0,0.0
35.32,3.81,283.72,0,44.524,4.182,222.506,0.6,10.345966847037555,0.5943652075954662,50.0667387593801,-13.799999999999995,0.4700000000000002,60.83000000000004,0.0,49.12,33.8,3.34,4.37,222.89,238.95,0.0,0.0,0,0.1467205180468633,0,0,0.0
45.15,4.32,253.65,0,44.504,4.345999999999999,208.218,1.2,2.3702383846355963,0.3415845429758266,36.32371911024547,4.789999999999999,0.0200000000000004,64.12,-1.0,40.36,45.59,4.3,4.92,189.53,234.17,1.0,2.0,0,0.1823966884335193,0,0,0.0
51.09,4.8,192.05,0,50.272,3.896,252.902,0.8,3.285022069941185,0.635908798492361,59.74343537159604,-3.899999999999999,0.6099999999999994,-118.89,-1.0,54.99,50.9,4.19,3.55,310.94,281.3,1.0,0.0,0,0.1703719285476315,0,0,0.0
44.09,3.63,188.48,1,45.454,4.055999999999999,193.392,0.4,10.566419923512422,0.4945503007783967,20.349441515678222,10.800000000000004,-0.1699999999999999,26.399999999999977,1.0,33.29,57.8,3.8,4.09,162.08,201.64,0.0,0.0,0,0.1590574326458015,0,0,0.0
62.17,8.2,756.28,16,71.07000000000001,6.653999999999999,1018.956,12.8,21.26392132227733,1.7967554090638038,891.5807726897199,-29.19,1.4499999999999993,114.63,4.0,91.36,95.45,6.75,5.53,641.65,672.54,12.0,8.0,0,0.0208524492537955,1,1,1.0
55.42,4.16,219.45,1,50.564,4.151999999999999,174.33800000000002,0.8,6.887563429834882,0.2413917977065508,33.70232736770587,14.560000000000002,0.2200000000000002,79.91999999999999,0.0,40.86,57.45,3.94,4.23,139.53,184.96,1.0,2.0,0,0.1677479447293783,0,0,0.0
32.77,4.18,242.41,2,44.16,4.494,195.93,0.6,7.668539626291285,0.8357810718124721,50.163569450349335,-9.779999999999994,-1.7400000000000002,110.77,2.0,42.55,52.21,5.92,3.89,131.64,223.16,0.0,1.0,0,0.1312207005251889,0,0,0.0
46.19,3.92,143.47,2,48.386,4.313999999999999,177.80599999999998,1.0,6.7572242822035005,0.5135951713168678,26.403360202823364,1.3299999999999983,-1.2199999999999998,-18.620000000000005,0.0,44.86,45.08,5.14,4.4,162.09,209.75,2.0,1.0,0,0.183566351405537,0,0,0.0
49.71,4.48,260.03,1,41.504,4.428,225.142,1.0,8.527504324243946,0.5313849828514204,27.391855906456342,0.1499999999999985,0.7700000000000005,72.45999999999998,0.0,49.56,35.5,3.71,4.13,187.57,211.7,1.0,2.0,0,0.178774768402728,0,0,0.0
48.79,3.87,95.65,0,47.356,3.824,194.978,0.4,6.089423618044642,0.242857983191818,64.79771114784872,7.159999999999997,-0.1799999999999997,-127.26999999999998,-1.0,41.63,49.25,4.05,3.92,222.92,168.13,1.0,0.0,0,0.1773334629575398,0,0,0.0
41.57,3.8,193.52,1,45.702000000000005,3.9940000000000007,219.114,1.0,6.699322353790648,0.426884059201089,43.98193640575708,-7.280000000000001,-0.1900000000000004,-35.66,-1.0,48.85,55.79,3.99,4.0,229.18,252.09,2.0,0.0,0,0.1891895281467946,0,0,0.0
47.48,4.2,212.47,0,47.968,4.132000000000001,247.632,0.6,5.163406821082426,0.2084946042467332,35.01424738588649,-5.650000000000006,0.4100000000000001,-38.72,-1.0,53.13,50.22,3.79,4.12,251.19,300.61,1.0,1.0,0,0.1800447470396471,0,0,0.0
41.08,3.83,156.86,0,42.842,4.174,170.762,0.6,4.555773260380708,0.3301969109486053,57.99572932552889,-1.0700000000000005,-0.7199999999999998,-19.19999999999999,0.0,42.15,42.99,4.55,3.94,176.06,254.86,0.0,1.0,0,0.187171181732803,0,0,0.0
57.42,8.85,223.82,10,56.834,6.256,1871.1880000000008,15.8,3.44021510955335,2.48679110501868,1491.2598522625096,-4.82,-0.25,-129.72000000000003,-3.0,62.24,53.96,9.1,4.64,353.54,2414.39,13.0,21.0,0,0.0187277780461591,1,1,0.992
46.12,3.91,58.39,2,48.066,4.112,147.06,1.6,3.878805228417538,0.2362625658033877,71.1322595592183,-2.530000000000001,0.0300000000000002,-65.64,1.0,48.65,46.67,3.88,4.05,124.03,251.92,1.0,3.0,0,0.1673601023991343,0,0,0.0
50.07,6.01,3067.93,18,54.85999999999999,5.642000000000001,2669.296,17.6,9.175633493116235,2.0000924978610435,1231.8093568730528,-11.259999999999998,1.1499999999999997,-706.6400000000003,-2.0,61.33,40.96,4.86,4.07,3774.57,2881.35,20.0,25.0,1,-0.0347194244251558,1,1,1.0
56.22,9.49,604.66,11,63.472,6.37,1645.2060000000006,11.6,18.517018388498705,2.906810967366132,1429.176056327561,-40.13,5.16,-467.06000000000006,5.0,96.35,58.09,4.33,4.6,1071.72,3867.07,6.0,11.0,1,-0.018437039394068,1,1,1.0
91.47,4.06,1000.5,3,87.478,4.996,1266.0940000000005,12.4,9.082426437907412,0.5538321045226721,838.647075014274,3.519999999999996,-1.1000000000000003,20.200000000000045,-12.0,87.95,71.72,5.16,5.24,980.3,2754.83,15.0,23.0,1,-0.015185265789797,1,1,0.964
41.73,4.6,201.12,1,44.206,4.0280000000000005,229.37600000000003,1.2,6.322537465290334,0.5090383089709463,54.65957948978387,5.279999999999994,1.3699999999999997,14.259999999999993,0.0,36.45,45.41,3.23,4.05,186.86,199.04,1.0,3.0,0,0.1807491268672135,0,0,0.0
34.72,3.68,186.05,0,44.41,3.7720000000000007,202.28,1.4,9.294127177954907,0.4100853569685201,53.82267877019887,-7.460000000000001,0.0700000000000002,-54.60999999999999,-1.0,42.18,52.08,3.61,4.24,240.66,137.17,1.0,3.0,0,0.1678359079638708,0,0,0.0
