timestamp,cpu_usage,memory_usage,response_time,error_count,failure,root_cause
2025-01-01 18:36:00,65.46,9.27,529.21,14,1,MEMORY_LEAK
2025-01-01 22:48:00,90.85,5.17,759.51,10,1,CPU_OVERLOAD
2025-01-01 07:02:00,43.51,3.92,218.37,3,0,NORMAL
2025-01-01 06:53:00,52.67,3.49,187.25,0,0,NORMAL
2025-01-01 07:31:00,50.73,3.67,106.0,0,0,NORMAL
2025-01-01 14:21:00,35.91,5.34,169.57,0,0,NORMAL
2025-01-01 17:43:00,56.54,4.59,3366.22,25,1,LATENCY_SPIKE
2025-01-01 12:21:00,37.32,4.07,124.17,1,0,NORMAL
2025-01-01 21:12:00,91.64,5.02,914.15,9,1,CPU_OVERLOAD
2025-01-01 04:19:00,49.65,4.28,220.43,2,0,NORMAL
2025-01-01 14:48:00,48.54,4.65,143.49,1,0,NORMAL
2025-01-01 23:52:00,53.11,9.52,519.72,10,1,MEMORY_LEAK
2025-01-01 11:52:00,41.73,4.05,286.94,2,0,NORMAL
2025-01-01 23:02:00,58.09,5.08,3078.99,13,1,LATENCY_SPIKE
2025-01-01 01:10:00,47.17,4.66,249.37,1,0,NORMAL
2025-01-01 21:08:00,72.56,9.08,357.38,15,1,MEMORY_LEAK
2025-01-02 00:51:00,40.96,4.07,2881.35,25,1,LATENCY_SPIKE
2025-01-01 10:07:00,37.53,4.79,201.2,1,0,NORMAL
2025-01-01 07:13:00,49.31,3.76,154.07,1,0,NORMAL
2025-01-01 00:51:00,42.69,2.26,283.07,2,0,NORMAL
2025-01-01 19:59:00,56.37,6.03,3160.99,26,1,LATENCY_SPIKE
2025-01-01 18:48:00,56.7,3.85,3672.74,17,1,LATENCY_SPIKE
2025-01-01 19:50:00,45.25,4.64,3216.49,34,1,LATENCY_SPIKE
2025-01-01 20:49:00,41.89,5.67,3204.39,30,1,LATENCY_SPIKE
2025-01-01 23:39:00,65.54,8.5,433.4,15,1,MEMORY_LEAK
2025-01-01 07:12:00,43.38,5.04,227.78,1,0,NORMAL
2025-01-02 00:12:00,53.55,9.19,636.86,8,1,MEMORY_LEAK
2025-01-02 00:30:00,64.56,4.56,3474.63,23,1,LATENCY_SPIKE
2025-01-01 20:34:00,53.16,5.13,3572.15,15,1,LATENCY_SPIKE
2025-01-01 21:21:00,60.0,9.42,527.36,9,1,MEMORY_LEAK
2025-01-01 18:05:00,97.8,3.97,593.92,10,1,CPU_OVERLOAD
2025-01-01 10:10:00,48.93,4.79,159.08,1,0,NORMAL
2025-01-01 21:24:00,92.2,5.7,1081.83,18,1,CPU_OVERLOAD
2025-01-01 17:21:00,42.25,4.18,93.64,2,0,NORMAL
2025-01-01 03:40:00,58.89,4.65,221.98,1,0,NORMAL
2025-01-01 05:39:00,41.62,3.55,119.67,0,0,NORMAL
2025-01-01 07:03:00,50.83,4.01,184.32,2,0,NORMAL
2025-01-01 07:08:00,51.35,3.47,302.83,1,0,NORMAL
2025-01-01 18:25:00,90.62,4.99,898.97,9,1,CPU_OVERLOAD
2025-01-01 01:16:00,45.52,4.18,119.62,1,0,NORMAL
2025-01-01 23:11:00,55.63,5.13,3783.86,18,1,LATENCY_SPIKE
2025-01-01 07:19:00,44.67,4.76,202.75,2,0,NORMAL
2025-01-01 22:16:00,52.28,8.6,391.66,8,1,MEMORY_LEAK
2025-01-01 14:24:00,41.32,2.92,261.15,2,0,NORMAL
2025-01-01 18:00:00,70.77,8.83,520.5,14,1,MEMORY_LEAK
2025-01-01 05:54:00,44.89,4.6,234.1,2,0,NORMAL
2025-01-01 06:05:00,42.59,4.56,244.36,2,0,NORMAL
2025-01-01 05:09:00,43.79,4.11,142.59,0,0,NORMAL
2025-01-01 12:16:00,46.54,3.81,295.21,2,0,NORMAL
2025-01-01 16:38:00,41.57,3.8,193.52,1,0,NORMAL
2025-01-01 10:21:00,47.83,3.78,174.71,1,0,NORMAL
2025-01-01 09:03:00,53.65,4.54,167.4,0,0,NORMAL
2025-01-01 19:00:00,63.73,4.04,2592.56,5,1,LATENCY_SPIKE
2025-01-01 21:36:00,53.38,8.71,423.52,9,1,MEMORY_LEAK
2025-01-01 09:14:00,47.03,3.71,167.11,0,0,NORMAL
2025-01-01 11:19:00,52.63,5.1,223.97,1,0,NORMAL
2025-01-01 00:49:00,34.42,4.21,117.84,0,0,NORMAL
2025-01-01 08:10:00,44.95,3.98,261.87,2,0,NORMAL
2025-01-01 05:16:00,49.09,3.98,227.57,3,0,NORMAL
2025-01-01 15:04:00,46.15,3.64,227.83,3,0,NORMAL
2025-01-01 10:36:00,49.94,3.72,183.24,1,0,NORMAL
2025-01-01 09:20:00,46.74,3.82,141.22,2,0,NORMAL
2025-01-01 08:06:00,41.12,4.31,134.04,2,0,NORMAL
2025-01-01 01:07:00,51.02,3.97,137.12,1,0,NORMAL
2025-01-01 13:31:00,42.36,4.49,217.92,0,0,NORMAL
2025-01-01 08:13:00,39.83,3.73,202.9,0,0,NORMAL
2025-01-01 05:10:00,43.69,3.99,240.94,1,0,NORMAL
2025-01-01 18:16:00,80.67,7.91,477.48,18,1,MEMORY_LEAK
2025-01-01 20:47:00,91.79,4.45,1065.9,18,1,CPU_OVERLOAD
2025-01-01 03:04:00,43.66,3.52,176.78,2,0,NORMAL
2025-01-01 05:06:00,52.67,3.67,135.02,4,0,NORMAL
2025-01-01 14:12:00,41.18,4.7,223.33,2,0,NORMAL
2025-01-01 13:12:00,46.63,3.67,238.41,0,0,NORMAL
2025-01-01 04:49:00,41.26,4.1,251.76,0,0,NORMAL
2025-01-01 11:46:00,37.32,3.92,195.97,0,0,NORMAL
2025-01-01 22:09:00,53.96,4.64,2414.39,21,1,LATENCY_SPIKE
2025-01-01 10:54:00,60.44,4.25,196.3,0,0,NORMAL
2025-01-01 08:42:00,41.02,4.18,204.19,2,0,NORMAL
2025-01-01 07:41:00,45.21,3.88,204.28,1,0,NORMAL
2025-01-01 15:30:00,41.67,3.42,75.58,2,0,NORMAL
2025-01-01 17:14:00,42.1,3.67,202.07,1,0,NORMAL
2025-01-01 00:29:00,43.25,4.51,235.91,1,0,NORMAL
2025-01-01 04:00:00,40.24,4.23,234.94,0,0,NORMAL
2025-01-01 13:18:00,45.17,4.58,185.63,0,0,NORMAL
2025-01-01 13:37:00,50.34,4.68,233.43,2,0,NORMAL
2025-01-01 01:05:00,53.14,4.22,149.25,1,0,NORMAL
2025-01-01 10:01:00,39.47,4.2,254.55,0,0,NORMAL
2025-01-01 15:24:00,52.17,3.99,106.51,2,0,NORMAL
2025-01-01 12:34:00,39.3,2.92,260.9,2,0,NORMAL
2025-01-01 15:26:00,41.65,4.67,209.52,2,0,NORMAL
2025-01-01 18:21:00,84.96,5.43,566.69,14,1,CPU_OVERLOAD
2025-01-01 04:07:00,41.08,3.83,156.86,0,0,NORMAL
2025-01-01 04:37:00,41.4,3.91,133.7,0,0,NORMAL
2025-01-01 23:22:00,56.22,9.49,604.66,11,1,MEMORY_LEAK
2025-01-01 17:46:00,50.24,9.47,507.49,12,1,MEMORY_LEAK
2025-01-01 07:59:00,51.72,3.33,287.93,1,0,NORMAL
2025-01-01 07:06:00,39.21,3.93,221.0,1,0,NORMAL
2025-01-01 02:03:00,36.59,3.96,190.94,1,0,NORMAL
2025-01-01 19:29:00,59.83,9.41,483.45,4,1,MEMORY_LEAK
2025-01-01 06:34:00,52.08,4.24,137.17,3,0,NORMAL
2025-01-01 16:25:00,38.05,5.66,215.5,0,0,NORMAL
2025-01-01 11:55:00,51.62,3.49,240.71,1,0,NORMAL
2025-01-01 18:54:00,55.49,9.04,514.87,13,1,MEMORY_LEAK
2025-01-01 18:04:00,62.07,4.27,2832.19,15,1,LATENCY_SPIKE
2025-01-01 08:17:00,43.86,4.18,210.56,1,0,NORMAL
2025-01-01 00:44:00,36.13,4.44,188.84,2,0,NORMAL
2025-01-01 00:59:00,50.85,5.15,227.88,1,0,NORMAL
2025-01-01 19:21:00,56.13,4.62,3278.7,12,1,LATENCY_SPIKE
2025-01-01 00:23:00,36.45,3.23,186.86,1,0,NORMAL
2025-01-01 14:34:00,44.8,5.24,245.57,3,0,NORMAL
2025-01-01 08:01:00,39.27,2.94,219.46,4,0,NORMAL
2025-01-01 22:04:00,74.94,8.69,412.25,16,1,MEMORY_LEAK
2025-01-01 12:25:00,40.65,3.55,145.13,0,0,NORMAL
2025-01-01 03:51:00,46.3,3.91,196.42,0,0,NORMAL
2025-01-01 02:04:00,48.52,3.55,167.53,1,0,NORMAL
2025-01-01 07:07:00,49.12,4.25,230.34,1,0,NORMAL
2025-01-01 13:38:00,45.49,3.35,204.9,0,0,NORMAL
2025-01-01 02:48:00,43.53,3.5,174.79,2,0,NORMAL
2025-01-01 01:55:00,46.81,5.46,213.29,0,0,NORMAL
2025-01-01 18:08:00,85.62,3.57,615.64,9,1,CPU_OVERLOAD
2025-01-01 16:26:00,54.02,4.24,197.17,2,0,NORMAL
2025-01-01 23:15:00,92.78,4.38,1070.06,18,1,CPU_OVERLOAD
2025-01-01 23:44:00,94.15,3.96,840.2,10,1,CPU_OVERLOAD
2025-01-01 06:55:00,40.51,4.35,216.39,1,0,NORMAL
2025-01-01 02:21:00,52.84,3.2,229.22,1,0,NORMAL
2025-01-01 20:33:00,74.28,10.12,386.45,12,1,MEMORY_LEAK
2025-01-01 21:33:00,92.43,6.25,850.96,10,1,CPU_OVERLOAD
2025-01-01 12:42:00,60.36,4.97,144.89,1,0,NORMAL
2025-01-01 20:06:00,61.77,8.52,156.23,12,1,MEMORY_LEAK
2025-01-01 07:42:00,40.8,3.57,153.73,1,0,NORMAL
2025-01-01 20:43:00,69.27,4.17,3007.06,16,1,LATENCY_SPIKE
2025-01-01 01:18:00,45.55,3.96,301.18,0,0,NORMAL
2025-01-01 16:44:00,49.19,3.19,163.52,2,0,NORMAL
2025-01-02 00:50:00,62.4,8.96,552.02,7,1,MEMORY_LEAK
2025-01-01 09:31:00,55.06,3.14,229.1,0,0,NORMAL
2025-01-01 00:15:00,41.63,3.33,174.34,0,0,NORMAL
2025-01-01 08:14:00,54.14,3.64,242.42,1,0,NORMAL
2025-01-01 05:50:00,46.87,3.37,154.19,1,0,NORMAL
2025-01-01 16:39:00,48.44,4.09,228.99,1,0,NORMAL
2025-01-01 04:34:00,39.11,4.04,255.87,3,0,NORMAL
2025-01-01 19:51:00,95.22,5.21,608.84,11,1,CPU_OVERLOAD
2025-01-01 04:31:00,36.38,4.32,172.59,1,0,NORMAL
2025-01-02 00:33:00,68.92,4.92,2790.95,27,1,LATENCY_SPIKE
2025-01-01 03:57:00,46.12,4.3,202.49,1,0,NORMAL
2025-01-01 09:45:00,46.49,3.76,215.81,0,0,NORMAL
2025-01-01 21:52:00,90.18,4.74,615.92,6,1,CPU_OVERLOAD
2025-01-01 11:34:00,48.56,3.44,198.43,1,0,NORMAL
2025-01-01 16:41:00,50.55,3.48,242.78,2,0,NORMAL
2025-01-01 05:22:00,40.09,3.18,188.53,0,0,NORMAL
2025-01-01 13:02:00,47.28,4.57,169.66,1,0,NORMAL
2025-01-01 22:38:00,52.42,5.48,3647.88,19,1,LATENCY_SPIKE
2025-01-01 20:03:00,48.37,3.3,3743.68,17,1,LATENCY_SPIKE
2025-01-01 16:10:00,45.77,4.04,136.53,1,0,NORMAL
2025-01-02 00:26:00,54.48,4.89,3436.93,26,1,LATENCY_SPIKE
2025-01-01 08:46:00,35.23,3.03,270.17,0,0,NORMAL
2025-01-01 23:45:00,43.22,4.4,3708.18,13,1,LATENCY_SPIKE
2025-01-01 19:30:00,54.29,4.71,3735.21,22,1,LATENCY_SPIKE
2025-01-01 02:55:00,49.96,3.92,145.71,0,0,NORMAL
2025-01-01 05:58:00,46.94,3.81,224.98,2,0,NORMAL
2025-01-01 00:43:00,43.19,4.03,212.2,2,0,NORMAL
2025-01-01 06:56:00,54.31,5.0,204.29,0,0,NORMAL
2025-01-01 05:44:00,42.17,3.78,174.85,3,0,NORMAL
2025-01-01 17:06:00,45.23,4.37,104.53,0,0,NORMAL
2025-01-01 23:21:00,96.35,4.33,1071.72,6,1,CPU_OVERLOAD
2025-01-01 01:41:00,42.48,2.71,190.45,0,0,NORMAL
2025-01-01 01:47:00,46.05,5.35,217.78,0,0,NORMAL
2025-01-02 00:49:00,59.54,4.31,3070.61,18,1,LATENCY_SPIKE
2025-01-01 17:32:00,55.36,8.44,498.72,9,1,MEMORY_LEAK
2025-01-01 16:04:00,44.46,4.5,124.28,3,0,NORMAL
2025-01-01 06:20:00,39.96,4.18,169.71,1,0,NORMAL
2025-01-01 04:04:00,37.8,4.05,92.33,1,0,NORMAL
2025-01-01 18:19:00,59.68,4.8,2663.57,18,1,LATENCY_SPIKE
2025-01-01 08:20:00,50.56,3.94,106.17,1,0,NORMAL
2025-01-01 11:40:00,41.86,2.38,209.19,1,0,NORMAL
2025-01-01 02:08:00,45.6,3.41,106.67,0,0,NORMAL
2025-01-01 03:59:00,50.11,2.71,166.98,3,0,NORMAL
2025-01-01 18:34:00,53.45,4.6,3040.07,14,1,LATENCY_SPIKE
2025-01-01 11:22:00,41.85,3.99,139.84,0,0,NORMAL
2025-01-01 08:02:00,35.36,4.19,197.34,0,0,NORMAL
2025-01-01 21:45:00,68.05,4.14,3357.55,17,1,LATENCY_SPIKE
2025-01-01 04:35:00,47.77,2.81,272.42,1,0,NORMAL
2025-01-01 09:42:00,48.8,3.61,183.53,1,0,NORMAL
2025-01-01 03:23:00,51.32,4.22,212.51,0,0,NORMAL
2025-01-01 00:32:00,44.92,3.81,233.64,0,0,NORMAL
2025-01-01 21:59:00,47.06,5.53,3161.46,13,1,LATENCY_SPIKE
2025-01-01 13:33:00,46.18,2.95,237.9,2,0,NORMAL
2025-01-01 16:37:00,48.85,3.99,229.18,2,0,NORMAL
2025-01-01 06:21:00,41.4,4.49,285.97,1,0,NORMAL
2025-01-01 17:53:00,63.6,5.16,2870.59,24,1,LATENCY_SPIKE
2025-01-01 22:28:00,40.5,5.6,4344.45,17,1,LATENCY_SPIKE
2025-01-01 09:38:00,36.13,4.04,204.77,0,0,NORMAL
2025-01-01 14:47:00,42.84,4.28,204.67,2,0,NORMAL
2025-01-01 22:05:00,61.14,4.44,3154.53,23,1,LATENCY_SPIKE
2025-01-01 22:06:00,48.18,4.91,3405.92,22,1,LATENCY_SPIKE
2025-01-01 15:41:00,50.23,4.45,207.85,0,0,NORMAL
2025-01-01 02:43:00,40.08,4.54,146.45,3,0,NORMAL
2025-01-01 15:09:00,57.98,4.13,176.44,1,0,NORMAL
2025-01-01 04:57:00,46.84,4.56,149.8,0,0,NORMAL
2025-01-01 12:35:00,60.79,3.05,174.34,1,0,NORMAL
2025-01-01 06:45:00,48.74,2.94,158.73,1,0,NORMAL
2025-01-01 16:08:00,44.76,4.38,211.26,1,0,NORMAL
2025-01-01 10:05:00,56.26,3.82,252.25,0,0,NORMAL
2025-01-01 07:00:00,57.36,4.72,208.76,1,0,NORMAL
2025-01-01 07:44:00,44.33,3.95,155.23,1,0,NORMAL
2025-01-01 19:47:00,100.0,5.54,807.33,10,1,CPU_OVERLOAD
2025-01-01 15:39:00,41.62,4.26,189.67,2,0,NORMAL
2025-01-01 03:12:00,46.28,3.65,204.27,1,0,NORMAL
2025-01-01 11:14:00,36.55,3.44,175.44,1,0,NORMAL
2025-01-01 05:51:00,53.85,4.32,158.41,1,0,NORMAL
2025-01-01 14:18:00,41.69,3.28,256.78,2,0,NORMAL
2025-01-01 01:03:00,37.82,4.3,257.01,1,0,NORMAL
2025-01-01 19:33:00,66.0,9.27,408.89,6,1,MEMORY_LEAK
2025-01-01 12:45:00,40.78,3.47,184.61,2,0,NORMAL
2025-01-02 00:00:00,55.99,8.11,549.28,11,1,MEMORY_LEAK
2025-01-01 04:21:00,44.64,4.49,132.37,0,0,NORMAL
2025-01-01 05:42:00,46.47,5.21,135.39,2,0,NORMAL
2025-01-01 20:20:00,75.43,9.07,509.11,12,1,MEMORY_LEAK
2025-01-01 07:51:00,31.19,4.35,127.57,0,0,NORMAL
2025-01-01 22:14:00,62.95,8.2,650.85,13,1,MEMORY_LEAK
2025-01-01 03:18:00,45.35,4.14,232.52,1,0,NORMAL
2025-01-01 20:31:00,99.73,3.3,902.62,11,1,CPU_OVERLOAD
2025-01-01 15:17:00,46.12,3.91,58.39,2,0,NORMAL
2025-01-01 12:23:00,45.16,4.4,141.61,0,0,NORMAL
2025-01-01 09:30:00,45.11,4.07,165.16,0,0,NORMAL
2025-01-01 03:38:00,42.09,3.56,172.08,0,0,NORMAL
2025-01-01 07:33:00,48.02,4.0,219.48,0,0,NORMAL
2025-01-01 00:30:00,41.39,3.79,221.92,1,0,NORMAL
2025-01-01 00:56:00,39.96,4.37,181.24,0,0,NORMAL
2025-01-01 20:10:00,63.04,9.3,157.28,15,1,MEMORY_LEAK
2025-01-01 23:05:00,71.22,9.05,508.06,10,1,MEMORY_LEAK
2025-01-01 17:45:00,89.19,4.63,822.64,14,1,CPU_OVERLOAD
2025-01-01 07:10:00,37.9,4.43,223.68,2,0,NORMAL
2025-01-01 12:04:00,46.03,3.55,197.38,1,0,NORMAL
2025-01-01 19:04:00,68.35,4.14,3095.93,24,1,LATENCY_SPIKE
2025-01-01 16:45:00,47.36,3.51,218.07,1,0,NORMAL
2025-01-01 17:30:00,92.88,4.78,769.89,7,1,CPU_OVERLOAD
2025-01-01 22:25:00,93.34,4.78,734.59,8,1,CPU_OVERLOAD
2025-01-01 20:36:00,49.42,8.46,268.43,10,1,MEMORY_LEAK
2025-01-01 20:35:00,53.27,8.26,429.05,8,1,MEMORY_LEAK
2025-01-02 00:08:00,58.51,4.41,3842.14,13,1,LATENCY_SPIKE
2025-01-01 10:20:00,40.26,3.86,297.71,4,0,NORMAL
2025-01-01 17:47:00,79.36,8.59,616.14,7,1,MEMORY_LEAK
2025-01-01 13:58:00,50.91,3.72,118.03,2,0,NORMAL
2025-01-01 01:39:00,43.59,3.49,224.39,1,0,NORMAL
2025-01-01 08:52:00,44.6,3.39,209.86,0,0,NORMAL
2025-01-01 08:48:00,46.56,3.56,177.85,2,0,NORMAL
2025-01-01 22:26:00,94.47,3.82,898.58,9,1,CPU_OVERLOAD
2025-01-01 19:32:00,93.17,5.17,751.0,11,1,CPU_OVERLOAD
2025-01-01 19:38:00,90.07,5.59,642.32,6,1,CPU_OVERLOAD
2025-01-01 10:29:00,51.57,3.74,175.73,0,0,NORMAL
2025-01-01 17:07:00,45.72,4.72,265.92,1,0,NORMAL
2025-01-01 04:30:00,53.65,4.03,192.21,1,0,NORMAL
2025-01-01 22:21:00,49.25,5.34,2855.77,18,1,LATENCY_SPIKE
2025-01-01 10:26:00,39.06,4.73,250.57,1,0,NORMAL
2025-01-01 17:22:00,51.47,4.37,195.05,2,0,NORMAL
2025-01-01 16:16:00,42.29,5.08,238.76,1,0,NORMAL
2025-01-01 06:11:00,47.99,4.64,318.19,0,0,NORMAL
2025-01-01 09:48:00,49.98,5.24,237.84,1,0,NORMAL
2025-01-01 16:07:00,55.81,2.8,200.92,1,0,NORMAL
2025-01-01 19:25:00,55.82,3.16,3511.19,18,1,LATENCY_SPIKE
2025-01-01 19:06:00,96.34,5.15,829.76,12,1,CPU_OVERLOAD
2025-01-01 03:56:00,32.85,2.9,225.03,1,0,NORMAL
2025-01-01 09:56:00,43.38,3.89,254.09,3,0,NORMAL
2025-01-01 16:02:00,46.18,3.54,195.33,1,0,NORMAL
2025-01-02 00:05:00,76.55,8.85,527.71,15,1,MEMORY_LEAK
2025-01-01 19:23:00,51.75,4.08,3660.11,25,1,LATENCY_SPIKE
2025-01-01 09:50:00,45.43,4.01,149.17,0,0,NORMAL
2025-01-01 03:28:00,48.09,3.58,226.73,2,0,NORMAL
2025-01-01 17:54:00,53.76,5.0,2233.73,34,1,LATENCY_SPIKE
2025-01-01 14:59:00,40.1,3.97,192.24,1,0,NORMAL
2025-01-01 05:53:00,44.04,4.43,164.21,0,0,NORMAL
2025-01-01 00:58:00,46.99,3.63,264.08,1,0,NORMAL
2025-01-01 05:03:00,48.66,4.46,186.42,2,0,NORMAL
2025-01-02 00:07:00,67.54,8.76,618.62,7,1,MEMORY_LEAK
2025-01-01 14:03:00,47.29,3.93,190.47,2,0,NORMAL
2025-01-01 21:01:00,63.32,10.19,547.15,11,1,MEMORY_LEAK
2025-01-01 23:50:00,66.98,8.99,605.48,11,1,MEMORY_LEAK
2025-01-01 20:09:00,69.26,8.91,561.04,7,1,MEMORY_LEAK
2025-01-01 06:07:00,45.08,4.16,201.9,2,0,NORMAL
2025-01-01 22:37:00,72.78,5.19,2789.4,15,1,LATENCY_SPIKE
2025-01-01 19:57:00,55.35,8.86,616.41,12,1,MEMORY_LEAK
2025-01-01 21:44:00,90.59,4.87,777.14,9,1,CPU_OVERLOAD
2025-01-01 20:32:00,98.13,5.01,840.68,11,1,CPU_OVERLOAD
2025-01-01 11:44:00,35.66,4.31,195.23,0,0,NORMAL
2025-01-01 03:53:00,41.09,4.57,182.15,2,0,NORMAL
2025-01-01 10:18:00,47.89,4.5,170.38,1,0,NORMAL
2025-01-01 03:16:00,39.7,4.02,220.92,1,0,NORMAL
2025-01-01 20:59:00,90.86,4.92,743.26,10,1,CPU_OVERLOAD
2025-01-01 01:21:00,47.14,4.25,182.13,1,0,NORMAL
2025-01-01 23:24:00,65.09,8.2,317.1,16,1,MEMORY_LEAK
2025-01-01 09:57:00,39.13,4.59,134.39,0,0,NORMAL
2025-01-01 19:16:00,96.21,5.4,697.97,11,1,CPU_OVERLOAD
2025-01-01 01:51:00,44.84,5.37,230.23,1,0,NORMAL
2025-01-01 21:16:00,87.95,5.16,980.3,15,1,CPU_OVERLOAD
2025-01-01 13:00:00,46.07,4.42,88.09,1,0,NORMAL
2025-01-01 16:23:00,44.71,4.3,144.14,1,0,NORMAL
2025-01-01 13:19:00,45.18,4.26,214.37,1,0,NORMAL
2025-01-01 21:05:00,92.96,4.93,984.53,18,1,CPU_OVERLOAD
2025-01-01 19:10:00,65.79,7.89,649.94,8,1,MEMORY_LEAK
2025-01-01 13:44:00,42.33,4.79,204.59,2,0,NORMAL
2025-01-01 06:22:00,32.26,4.52,299.63,0,0,NORMAL
2025-01-01 08:58:00,51.04,3.5,148.37,2,0,NORMAL
2025-01-02 00:53:00,50.07,6.01,3067.93,18,1,LATENCY_SPIKE
2025-01-01 18:32:00,93.57,5.32,562.67,7,1,CPU_OVERLOAD
2025-01-01 05:24:00,38.96,4.88,123.44,3,0,NORMAL
2025-01-01 06:01:00,54.2,4.33,237.13,0,0,NORMAL
2025-01-02 00:47:00,63.22,8.93,652.31,13,1,MEMORY_LEAK
2025-01-01 17:09:00,38.86,3.73,179.43,0,0,NORMAL
2025-01-01 11:47:00,55.53,4.57,158.35,1,0,NORMAL
2025-01-01 05:32:00,45.45,5.29,198.82,1,0,NORMAL
2025-01-01 07:09:00,34.45,3.74,143.46,0,0,NORMAL
2025-01-01 20:42:00,91.59,5.68,795.23,5,1,CPU_OVERLOAD
2025-01-01 07:05:00,53.21,4.39,224.13,0,0,NORMAL
2025-01-01 10:28:00,45.33,4.6,162.88,0,0,NORMAL
2025-01-01 18:31:00,88.68,4.37,604.22,16,1,CPU_OVERLOAD
2025-01-01 11:17:00,55.51,4.48,187.93,0,0,NORMAL
2025-01-01 11:33:00,48.7,4.7,153.67,2,0,NORMAL
2025-01-01 12:37:00,46.11,4.31,188.47,0,0,NORMAL
2025-01-01 04:14:00,35.88,4.32,260.6,1,0,NORMAL
2025-01-01 18:14:00,94.45,6.15,956.46,8,1,CPU_OVERLOAD
2025-01-01 15:16:00,48.65,3.88,124.03,1,0,NORMAL
2025-01-01 19:45:00,62.17,8.2,756.28,16,1,MEMORY_LEAK
2025-01-01 11:08:00,29.09,4.43,174.18,1,0,NORMAL
2025-01-01 14:01:00,49.05,4.0,176.68,0,0,NORMAL
2025-01-01 13:26:00,46.33,4.84,179.19,0,0,NORMAL
2025-01-02 00:16:00,45.31,4.55,3507.93,19,1,LATENCY_SPIKE
2025-01-01 01:26:00,50.49,4.71,128.8,0,0,NORMAL
2025-01-01 23:41:00,77.36,9.82,573.72,14,1,MEMORY_LEAK
2025-01-01 04:25:00,37.51,3.21,276.69,0,0,NORMAL
2025-01-01 04:47:00,48.53,3.82,153.79,0,0,NORMAL
2025-01-02 00:43:00,91.8,5.24,567.25,8,1,CPU_OVERLOAD
2025-01-01 14:52:00,51.4,4.16,203.6,2,0,NORMAL
2025-01-02 00:55:00,91.83,4.79,567.67,7,1,CPU_OVERLOAD
2025-01-01 16:18:00,35.5,4.13,211.7,2,0,NORMAL
2025-01-01 08:54:00,41.09,4.26,285.0,1,0,NORMAL
2025-01-01 16:40:00,53.4,4.5,164.66,1,0,NORMAL
2025-01-01 03:41:00,33.8,4.37,238.95,0,0,NORMAL
2025-01-01 01:53:00,59.78,3.01,177.4,1,0,NORMAL
2025-01-01 11:12:00,42.94,4.44,191.16,1,0,NORMAL
2025-01-01 09:43:00,58.62,4.62,236.59,0,0,NORMAL
2025-01-01 02:54:00,46.66,3.89,145.64,1,0,NORMAL
2025-01-01 08:55:00,45.28,4.42,253.58,1,0,NORMAL
2025-01-01 17:58:00,73.77,7.69,684.14,16,1,MEMORY_LEAK
2025-01-01 19:36:00,59.99,9.09,644.96,11,1,MEMORY_LEAK
2025-01-01 18:26:00,94.82,5.83,872.5,16,1,CPU_OVERLOAD
2025-01-01 16:22:00,39.2,4.29,101.65,3,0,NORMAL
2025-01-01 04:45:00,33.29,3.8,162.08,0,0,NORMAL
2025-01-01 14:27:00,47.01,3.63,171.48,1,0,NORMAL
2025-01-01 06:14:00,57.92,3.37,215.19,3,0,NORMAL
2025-01-01 19:56:00,58.03,4.69,2758.2,14,1,LATENCY_SPIKE
2025-01-01 00:31:00,56.11,3.79,200.98,1,0,NORMAL
2025-01-01 09:11:00,44.07,4.82,275.96,2,0,NORMAL
2025-01-01 03:30:00,48.43,4.33,183.97,0,0,NORMAL
2025-01-01 17:26:00,48.91,4.4,164.62,0,0,NORMAL
2025-01-01 15:23:00,40.8,4.12,257.7,0,0,NORMAL
2025-01-01 13:29:00,39.63,4.16,262.86,0,0,NORMAL
2025-01-01 10:17:00,49.35,3.7,244.26,2,0,NORMAL
2025-01-01 15:32:00,36.31,3.62,222.68,1,0,NORMAL
2025-01-01 10:19:00,46.34,4.33,206.18,0,0,NORMAL
2025-01-01 03:08:00,39.92,4.34,170.12,0,0,NORMAL
2025-01-01 11:50:00,46.27,4.98,194.16,2,0,NORMAL
2025-01-01 15:36:00,38.87,4.44,182.87,2,0,NORMAL
2025-01-01 19:28:00,92.83,5.42,1005.27,12,1,CPU_OVERLOAD
2025-01-01 20:19:00,63.16,8.77,585.93,13,1,MEMORY_LEAK
2025-01-01 18:17:00,63.14,5.23,3736.7,31,1,LATENCY_SPIKE
2025-01-01 15:01:00,42.64,4.76,156.98,2,0,NORMAL
2025-01-01 01:23:00,41.89,4.27,268.64,0,0,NORMAL
2025-01-01 11:41:00,51.29,4.41,334.65,1,0,NORMAL
2025-01-01 00:48:00,47.06,4.55,194.84,2,0,NORMAL
2025-01-01 21:23:00,90.68,5.73,610.21,6,1,CPU_OVERLOAD
2025-01-01 02:35:00,40.71,4.02,218.18,2,0,NORMAL
2025-01-01 19:11:00,57.95,4.84,2319.5,20,1,LATENCY_SPIKE
2025-01-01 19:01:00,48.61,4.77,2452.8,21,1,LATENCY_SPIKE
2025-01-01 16:14:00,42.32,2.19,163.35,0,0,NORMAL
2025-01-01 17:37:00,69.47,9.55,373.93,9,1,MEMORY_LEAK
2025-01-01 13:27:00,42.13,3.85,143.5,3,0,NORMAL
2025-01-01 20:29:00,53.33,4.96,3676.7,18,1,LATENCY_SPIKE
2025-01-02 00:40:00,53.5,3.79,2648.97,20,1,LATENCY_SPIKE
2025-01-01 23:56:00,92.21,4.05,806.27,10,1,CPU_OVERLOAD
2025-01-01 02:59:00,61.32,5.33,223.13,0,0,NORMAL
2025-01-01 22:35:00,68.93,9.54,300.0,13,1,MEMORY_LEAK
2025-01-01 20:46:00,66.11,8.32,503.19,6,1,MEMORY_LEAK
2025-01-01 17:20:00,55.1,4.2,242.34,3,0,NORMAL
2025-01-01 15:49:00,46.46,3.55,259.86,0,0,NORMAL
2025-01-01 13:36:00,46.6,4.62,191.22,1,0,NORMAL
2025-01-01 06:03:00,47.41,5.3,138.12,1,0,NORMAL
2025-01-01 19:37:00,83.02,4.37,746.27,12,1,CPU_OVERLOAD
2025-01-01 19:58:00,86.82,4.94,847.88,10,1,CPU_OVERLOAD
2025-01-01 05:46:00,36.31,3.19,214.71,1,0,NORMAL
2025-01-01 16:50:00,52.9,4.51,141.91,0,0,NORMAL
2025-01-01 10:14:00,59.67,4.78,218.38,1,0,NORMAL
2025-01-01 16:05:00,53.64,3.88,216.08,2,0,NORMAL
2025-01-01 21:13:00,94.05,5.01,849.63,16,1,CPU_OVERLOAD
2025-01-01 09:49:00,39.86,3.36,230.62,2,0,NORMAL
2025-01-01 21:28:00,92.11,5.02,375.15,10,1,CPU_OVERLOAD
2025-01-01 10:31:00,54.18,3.99,284.25,0,0,NORMAL
2025-01-01 04:03:00,50.19,4.5,173.7,1,0,NORMAL
2025-01-01 22:54:00,95.07,5.0,963.43,9,1,CPU_OVERLOAD
2025-01-02 00:11:00,51.49,5.01,3162.85,18,1,LATENCY_SPIKE
2025-01-01 12:44:00,51.9,3.84,220.43,3,0,NORMAL
2025-01-01 16:27:00,50.26,3.69,260.95,1,0,NORMAL
2025-01-01 06:51:00,38.25,3.27,227.36,0,0,NORMAL
2025-01-01 23:40:00,91.81,5.15,1053.78,9,1,CPU_OVERLOAD
2025-01-01 20:25:00,63.69,8.29,586.93,7,1,MEMORY_LEAK
2025-01-01 05:08:00,48.28,3.11,240.57,2,0,NORMAL
2025-01-01 14:41:00,41.81,4.3,263.62,1,0,NORMAL
2025-01-01 06:38:00,44.31,4.74,239.52,1,0,NORMAL
2025-01-01 06:10:00,45.15,4.32,253.65,0,0,NORMAL
2025-01-01 00:54:00,51.19,4.66,136.99,1,0,NORMAL
2025-01-01 22:18:00,76.86,8.38,481.72,21,1,MEMORY_LEAK
2025-01-01 19:42:00,59.65,8.53,425.46,8,1,MEMORY_LEAK
2025-01-01 05:12:00,49.95,4.07,143.87,1,0,NORMAL
2025-01-01 15:21:00,38.84,2.24,176.84,1,0,NORMAL
2025-01-01 01:49:00,44.55,3.81,199.96,1,0,NORMAL
2025-01-01 11:58:00,42.82,4.07,219.69,0,0,NORMAL
2025-01-01 11:31:00,51.96,3.9,172.13,0,0,NORMAL
2025-01-01 01:40:00,36.51,3.41,290.22,1,0,NORMAL
2025-01-01 18:45:00,56.42,5.7,2997.61,20,1,LATENCY_SPIKE
2025-01-01 11:09:00,51.55,3.74,190.18,2,0,NORMAL
2025-01-01 22:55:00,71.56,4.58,3150.63,30,1,LATENCY_SPIKE
2025-01-01 04:26:00,54.79,3.36,173.21,1,0,NORMAL
2025-01-01 11:18:00,50.61,4.22,196.91,2,0,NORMAL
2025-01-01 04:56:00,50.4,2.47,153.91,1,0,NORMAL
2025-01-01 08:49:00,39.57,3.51,176.03,2,0,NORMAL
2025-01-01 15:44:00,56.08,4.21,235.73,0,0,NORMAL
2025-01-01 16:53:00,40.86,3.94,139.53,1,0,NORMAL
2025-01-01 15:50:00,43.55,3.59,131.42,0,0,NORMAL
2025-01-01 06:17:00,46.1,3.34,272.66,2,0,NORMAL
2025-01-01 04:46:00,44.09,3.63,188.48,1,0,NORMAL
2025-01-01 23:58:00,68.71,9.33,566.58,16,1,MEMORY_LEAK
2025-01-01 12:10:00,46.18,3.16,114.81,2,0,NORMAL
2025-01-01 02:06:00,39.06,2.98,270.98,2,0,NORMAL
2025-01-01 05:27:00,49.75,4.62,196.89,1,0,NORMAL
2025-01-01 04:52:00,41.46,4.26,125.17,0,0,NORMAL
2025-01-01 09:08:00,47.23,4.01,200.78,1,0,NORMAL
2025-01-01 12:07:00,47.09,3.98,196.9,0,0,NORMAL
2025-01-01 15:08:00,48.87,4.63,254.13,1,0,NORMAL
2025-01-01 05:55:00,38.98,3.55,274.36,0,0,NORMAL
2025-01-01 02:50:00,39.66,3.29,217.38,1,0,NORMAL
2025-01-01 16:06:00,40.94,3.84,287.75,0,0,NORMAL
2025-01-01 18:53:00,59.23,4.76,3526.31,15,1,LATENCY_SPIKE
2025-01-01 10:51:00,51.76,4.29,278.65,0,0,NORMAL
2025-01-01 03:29:00,68.12,3.97,244.38,0,0,NORMAL
2025-01-01 23:17:00,54.09,5.4,3030.88,12,1,LATENCY_SPIKE
2025-01-01 02:20:00,46.36,4.06,205.29,0,0,NORMAL
2025-01-01 18:03:00,76.28,9.64,523.78,11,1,MEMORY_LEAK
2025-01-01 16:30:00,46.25,3.58,109.1,1,0,NORMAL
2025-01-01 10:50:00,56.09,4.21,287.77,0,0,NORMAL
2025-01-01 19:48:00,64.09,9.59,245.64,12,1,MEMORY_LEAK
2025-01-02 00:58:00,62.15,5.86,2779.93,14,1,LATENCY_SPIKE
2025-01-01 08:05:00,36.47,3.04,168.72,0,0,NORMAL
2025-01-01 08:47:00,45.29,4.7,234.9,2,0,NORMAL
2025-01-01 03:19:00,38.14,3.07,124.85,1,0,NORMAL
2025-01-01 14:49:00,51.65,4.06,320.58,2,0,NORMAL
2025-01-01 14:04:00,46.0,3.95,216.2,0,0,NORMAL
2025-01-01 17:48:00,91.91,4.98,656.68,15,1,CPU_OVERLOAD
2025-01-01 20:05:00,97.59,4.73,836.32,13,1,CPU_OVERLOAD
2025-01-01 17:34:00,66.26,9.47,658.96,14,1,MEMORY_LEAK
2025-01-01 00:10:00,42.22,4.46,172.79,0,0,NORMAL
2025-01-01 02:27:00,37.08,4.33,133.48,1,0,NORMAL
2025-01-01 12:01:00,34.74,5.02,242.26,0,0,NORMAL
2025-01-01 04:42:00,54.52,3.87,217.19,1,0,NORMAL
2025-01-01 04:58:00,49.88,3.18,210.36,1,0,NORMAL
2025-01-01 10:13:00,38.25,3.64,130.03,4,0,NORMAL
2025-01-01 04:51:00,42.04,4.0,153.52,1,0,NORMAL
2025-01-01 10:49:00,49.18,4.11,189.78,2,0,NORMAL
2025-01-01 09:58:00,42.33,4.71,231.1,1,0,NORMAL
2025-01-01 17:23:00,44.77,3.32,169.86,2,0,NORMAL
2025-01-01 09:12:00,52.01,3.61,225.54,0,0,NORMAL
2025-01-01 21:38:00,56.46,4.36,3891.2,26,1,LATENCY_SPIKE
2025-01-01 02:09:00,41.98,3.34,250.38,0,0,NORMAL
2025-01-01 17:41:00,52.89,9.7,563.72,12,1,MEMORY_LEAK
2025-01-01 05:31:00,39.62,3.71,149.02,4,0,NORMAL
2025-01-01 05:23:00,57.55,3.03,197.83,2,0,NORMAL
2025-01-01 11:20:00,49.33,3.87,243.73,0,0,NORMAL
2025-01-01 07:58:00,63.47,3.71,214.03,1,0,NORMAL
2025-01-01 09:21:00,57.45,3.06,155.25,1,0,NORMAL
2025-01-01 02:15:00,54.3,4.56,236.54,2,0,NORMAL
2025-01-01 08:26:00,41.45,4.55,169.76,0,0,NORMAL
2025-01-01 08:33:00,39.55,4.53,199.67,3,0,NORMAL
2025-01-01 22:51:00,52.29,4.23,3223.38,22,1,LATENCY_SPIKE
2025-01-01 07:15:00,45.44,4.56,185.25,0,0,NORMAL
2025-01-01 14:33:00,40.61,4.14,299.36,2,0,NORMAL
2025-01-02 00:22:00,38.43,5.21,2808.28,18,1,LATENCY_SPIKE
2025-01-01 12:32:00,39.14,3.57,144.76,0,0,NORMAL
2025-01-01 11:05:00,45.64,3.95,241.02,1,0,NORMAL
2025-01-01 02:38:00,37.85,3.16,69.79,0,0,NORMAL
2025-01-01 20:53:00,46.49,9.41,606.31,11,1,MEMORY_LEAK
2025-01-01 21:32:00,44.62,4.77,2529.62,21,1,LATENCY_SPIKE
2025-01-01 09:35:00,31.73,4.65,101.87,0,0,NORMAL
2025-01-01 05:52:00,50.15,4.71,196.64,0,0,NORMAL
2025-01-01 15:37:00,49.25,4.31,208.52,1,0,NORMAL
2025-01-01 21:35:00,51.58,10.34,387.33,14,1,MEMORY_LEAK
2025-01-01 23:12:00,96.19,4.94,1061.69,13,1,CPU_OVERLOAD
2025-01-01 21:40:00,75.97,9.3,403.58,13,1,MEMORY_LEAK
2025-01-01 09:51:00,42.13,4.85,187.8,2,0,NORMAL
2025-01-01 11:04:00,40.72,3.68,212.66,0,0,NORMAL
2025-01-01 03:15:00,47.31,3.27,226.13,1,0,NORMAL
2025-01-01 20:40:00,92.43,5.11,1039.29,17,1,CPU_OVERLOAD
2025-01-01 17:28:00,53.86,3.07,194.47,0,0,NORMAL
2025-01-01 07:18:00,34.78,3.08,137.71,0,0,NORMAL
2025-01-01 23:55:00,89.97,5.54,823.15,14,1,CPU_OVERLOAD
2025-01-01 10:43:00,35.98,3.19,227.91,0,0,NORMAL
2025-01-01 01:36:00,46.78,3.34,221.29,2,0,NORMAL
2025-01-01 09:44:00,46.09,3.8,216.75,2,0,NORMAL
2025-01-01 20:14:00,52.6,3.75,3589.49,22,1,LATENCY_SPIKE
2025-01-01 02:36:00,56.19,3.58,244.34,2,0,NORMAL
2025-01-01 06:59:00,45.41,4.27,157.43,1,0,NORMAL
2025-01-01 06:50:00,49.27,3.92,224.09,0,0,NORMAL
2025-01-01 20:22:00,85.37,4.64,944.98,10,1,CPU_OVERLOAD
2025-01-01 07:57:00,46.87,4.93,249.84,0,0,NORMAL
2025-01-01 08:34:00,41.54,4.44,229.94,1,0,NORMAL
2025-01-01 21:25:00,70.76,9.28,352.09,6,1,MEMORY_LEAK
2025-01-02 00:13:00,50.54,5.02,3096.87,22,1,LATENCY_SPIKE
2025-01-01 18:38:00,60.56,5.58,2998.57,16,1,LATENCY_SPIKE
2025-01-01 07:27:00,39.36,4.73,171.76,0,0,NORMAL
2025-01-01 02:58:00,43.41,4.58,233.32,2,0,NORMAL
2025-01-01 06:30:00,39.61,4.4,199.31,3,0,NORMAL
2025-01-01 21:29:00,74.28,10.22,500.41,11,1,MEMORY_LEAK
2025-01-01 21:47:00,91.91,5.68,1038.76,13,1,CPU_OVERLOAD
2025-01-01 22:46:00,59.33,5.23,3143.18,20,1,LATENCY_SPIKE
2025-01-01 17:27:00,35.54,3.36,164.39,2,0,NORMAL
2025-01-01 19:02:00,91.17,4.78,928.68,14,1,CPU_OVERLOAD
2025-01-01 10:34:00,38.93,3.29,299.35,2,0,NORMAL
2025-01-01 14:25:00,42.67,3.67,187.06,0,0,NORMAL
2025-01-01 13:07:00,47.76,4.07,269.42,2,0,NORMAL
2025-01-01 12:24:00,48.11,4.13,210.84,0,0,NORMAL
2025-01-01 14:19:00,48.8,4.09,144.69,0,0,NORMAL
2025-01-01 04:54:00,47.14,4.57,195.83,4,0,NORMAL
2025-01-01 09:04:00,30.17,2.58,145.52,1,0,NORMAL
2025-01-01 22:42:00,63.56,9.39,436.31,12,1,MEMORY_LEAK
2025-01-01 01:28:00,41.82,4.36,178.54,1,0,NORMAL
2025-01-01 17:11:00,34.99,4.36,198.12,1,0,NORMAL
2025-01-01 22:59:00,47.64,4.49,2932.23,22,1,LATENCY_SPIKE
2025-01-01 09:36:00,46.41,3.73,217.48,1,0,NORMAL
2025-01-01 15:06:00,36.84,2.72,224.3,1,0,NORMAL
2025-01-01 23:07:00,66.4,8.86,555.97,8,1,MEMORY_LEAK
2025-01-01 18:11:00,64.05,5.96,3493.42,20,1,LATENCY_SPIKE
2025-01-01 15:43:00,44.4,4.42,211.21,1,0,NORMAL
2025-01-01 04:50:00,43.75,4.1,107.69,2,0,NORMAL
2025-01-01 23:38:00,96.62,5.74,819.76,12,1,CPU_OVERLOAD
2025-01-01 16:58:00,43.08,4.85,252.44,1,0,NORMAL
2025-01-01 05:48:00,40.69,4.72,160.81,3,0,NORMAL
2025-01-01 09:27:00,38.95,3.55,138.37,1,0,NORMAL
2025-01-01 23:32:00,56.29,9.17,599.29,17,1,MEMORY_LEAK
2025-01-01 17:38:00,53.48,4.9,3639.26,26,1,LATENCY_SPIKE
2025-01-01 09:59:00,47.26,5.55,266.45,0,0,NORMAL
2025-01-01 07:38:00,41.68,4.05,216.39,2,0,NORMAL
2025-01-01 06:15:00,40.4,2.82,236.08,0,0,NORMAL
2025-01-01 05:33:00,40.94,3.64,191.28,2,0,NORMAL
2025-01-01 12:36:00,47.96,4.16,164.1,1,0,NORMAL
2025-01-01 22:03:00,51.04,8.69,574.28,12,1,MEMORY_LEAK
2025-01-01 11:51:00,44.42,4.45,168.22,1,0,NORMAL
2025-01-01 23:09:00,71.4,9.37,633.01,7,1,MEMORY_LEAK
2025-01-01 09:26:00,32.77,4.18,242.41,2,0,NORMAL
2025-01-01 05:28:00,48.74,3.64,256.22,0,0,NORMAL
2025-01-01 05:18:00,46.94,3.73,219.53,0,0,NORMAL
2025-01-01 21:42:00,61.92,9.14,835.88,12,1,MEMORY_LEAK
2025-01-01 15:52:00,37.49,3.52,185.57,1,0,NORMAL
2025-01-01 00:12:00,46.45,4.69,202.05,0,0,NORMAL
2025-01-01 02:51:00,40.11,4.19,175.64,2,0,NORMAL
2025-01-01 04:20:00,39.44,3.98,148.53,2,0,NORMAL
2025-01-01 13:39:00,51.39,3.75,264.79,0,0,NORMAL
2025-01-02 00:54:00,49.17,4.78,3104.26,25,1,LATENCY_SPIKE
2025-01-01 13:16:00,44.76,4.76,95.79,1,0,NORMAL
2025-01-01 02:18:00,49.88,4.33,179.65,1,0,NORMAL
2025-01-01 09:09:00,41.38,3.56,245.11,1,0,NORMAL
2025-01-01 10:15:00,45.78,3.99,95.0,0,0,NORMAL
2025-01-01 14:05:00,47.95,3.78,142.62,0,0,NORMAL
2025-01-01 12:57:00,43.51,4.85,166.61,3,0,NORMAL
2025-01-01 09:18:00,47.37,4.19,208.59,1,0,NORMAL
2025-01-01 02:19:00,37.61,3.42,234.32,2,0,NORMAL
2025-01-01 21:49:00,61.5,5.62,2625.48,13,1,LATENCY_SPIKE
2025-01-01 17:03:00,57.85,4.12,182.1,1,0,NORMAL
2025-01-01 03:44:00,42.17,4.73,199.72,0,0,NORMAL
2025-01-01 16:03:00,49.25,3.44,173.53,2,0,NORMAL
2025-01-01 06:49:00,48.09,4.4,133.88,1,0,NORMAL
2025-01-01 05:25:00,37.71,3.87,225.71,3,0,NORMAL
2025-01-01 04:59:00,48.78,3.87,203.47,0,0,NORMAL
2025-01-01 16:33:00,40.91,4.09,220.98,0,0,NORMAL
2025-01-01 17:12:00,47.4,3.13,113.44,1,0,NORMAL
2025-01-01 11:10:00,52.48,4.31,189.71,1,0,NORMAL
2025-01-02 00:39:00,56.17,4.32,3528.87,21,1,LATENCY_SPIKE
2025-01-01 15:46:00,35.85,3.98,257.95,1,0,NORMAL
2025-01-01 21:09:00,60.22,8.63,377.15,13,1,MEMORY_LEAK
2025-01-01 09:33:00,43.69,3.6,173.06,0,0,NORMAL
2025-01-01 08:23:00,48.38,3.5,140.52,2,0,NORMAL
2025-01-01 17:17:00,36.21,3.91,148.94,2,0,NORMAL
2025-01-01 00:03:00,54.14,4.16,256.27,1,0,NORMAL
2025-01-02 00:28:00,55.71,3.51,2539.23,20,1,LATENCY_SPIKE
2025-01-01 07:47:00,49.55,4.38,232.56,0,0,NORMAL
2025-01-01 05:21:00,48.57,5.03,258.48,0,0,NORMAL
2025-01-01 00:05:00,43.6,3.6,282.13,0,0,NORMAL
2025-01-01 16:13:00,41.08,3.21,281.59,1,0,NORMAL
2025-01-01 09:07:00,43.78,5.23,129.72,3,0,NORMAL
2025-01-02 00:36:00,62.14,6.21,3879.58,21,1,LATENCY_SPIKE
2025-01-01 00:39:00,46.18,3.88,126.62,1,0,NORMAL
2025-01-01 09:02:00,48.18,4.26,157.62,1,0,NORMAL
2025-01-01 04:02:00,48.03,4.0,224.6,1,0,NORMAL
2025-01-01 02:16:00,40.3,3.41,200.71,0,0,NORMAL
2025-01-01 10:02:00,50.22,4.12,300.61,1,0,NORMAL
2025-01-01 12:52:00,48.79,3.87,95.65,0,0,NORMAL
2025-01-01 14:06:00,46.74,3.84,204.26,0,0,NORMAL
2025-01-01 18:10:00,88.08,4.42,1001.65,13,1,CPU_OVERLOAD
2025-01-01 22:45:00,97.2,6.03,770.99,13,1,CPU_OVERLOAD
2025-01-01 09:41:00,42.51,3.49,184.9,2,0,NORMAL
2025-01-02 00:34:00,74.49,7.87,423.39,14,1,MEMORY_LEAK
2025-01-01 13:08:00,44.58,3.98,180.75,0,0,NORMAL
2025-01-01 23:08:00,47.17,5.7,3167.75,25,1,LATENCY_SPIKE
2025-01-01 06:16:00,50.23,5.23,188.46,0,0,NORMAL
2025-01-01 05:14:00,52.83,4.72,250.88,0,0,NORMAL
2025-01-01 07:22:00,32.6,3.66,189.15,0,0,NORMAL
2025-01-01 05:19:00,44.22,3.47,133.68,0,0,NORMAL
2025-01-02 00:38:00,94.51,6.13,858.22,7,1,CPU_OVERLOAD
2025-01-01 13:13:00,37.34,4.06,210.77,0,0,NORMAL
2025-01-01 18:52:00,42.9,4.99,2865.32,27,1,LATENCY_SPIKE
2025-01-01 07:04:00,48.87,3.53,246.09,0,0,NORMAL
2025-01-01 09:13:00,46.53,3.52,251.53,2,0,NORMAL
2025-01-01 09:54:00,51.23,3.36,216.69,0,0,NORMAL
2025-01-01 14:53:00,52.02,3.79,189.39,2,0,NORMAL
2025-01-02 00:41:00,66.9,5.16,2124.59,24,1,LATENCY_SPIKE
2025-01-01 20:17:00,59.44,4.6,3632.87,25,1,LATENCY_SPIKE
2025-01-01 19:24:00,64.52,8.2,639.03,7,1,MEMORY_LEAK
2025-01-01 03:47:00,38.53,4.24,180.65,0,0,NORMAL
2025-01-01 11:54:00,44.77,3.85,291.63,0,0,NORMAL
2025-01-01 13:30:00,43.88,3.92,173.23,2,0,NORMAL
2025-01-01 16:19:00,49.56,3.71,187.57,1,0,NORMAL
2025-01-01 17:55:00,55.17,3.9,2658.25,22,1,LATENCY_SPIKE
2025-01-01 01:06:00,44.57,5.44,159.46,2,0,NORMAL
2025-01-01 06:33:00,55.99,3.22,272.18,0,0,NORMAL
2025-01-01 09:39:00,51.86,4.51,186.83,0,0,NORMAL
2025-01-01 16:29:00,45.16,2.94,207.18,0,0,NORMAL
2025-01-01 03:31:00,51.81,4.05,289.76,0,0,NORMAL
2025-01-01 19:19:00,48.81,4.27,3592.81,21,1,LATENCY_SPIKE
2025-01-01 13:01:00,36.99,4.14,93.96,1,0,NORMAL
2025-01-01 08:56:00,39.84,4.11,209.53,4,0,NORMAL
2025-01-01 12:54:00,48.73,4.1,198.45,0,0,NORMAL
2025-01-01 11:01:00,41.72,3.93,159.78,1,0,NORMAL
2025-01-01 01:25:00,41.99,4.58,276.67,0,0,NORMAL
2025-01-01 22:29:00,67.39,8.7,419.61,10,1,MEMORY_LEAK
2025-01-01 20:16:00,96.92,4.85,828.43,9,1,CPU_OVERLOAD
2025-01-01 15:15:00,46.67,4.05,251.92,3,0,NORMAL
2025-01-01 11:00:00,41.56,4.66,231.48,0,0,NORMAL
2025-01-01 22:30:00,88.46,4.77,905.47,7,1,CPU_OVERLOAD
2025-01-01 10:30:00,34.85,4.24,261.54,1,0,NORMAL
2025-01-01 17:13:00,48.88,2.62,274.75,1,0,NORMAL
2025-01-01 23:19:00,51.92,3.84,2246.04,20,1,LATENCY_SPIKE
2025-01-01 18:12:00,87.94,4.54,1125.94,11,1,CPU_OVERLOAD
2025-01-01 04:33:00,45.06,4.29,225.09,0,0,NORMAL
2025-01-01 12:02:00,36.91,3.63,197.56,1,0,NORMAL
2025-01-01 06:02:00,44.35,4.27,224.11,2,0,NORMAL
2025-01-01 10:22:00,56.29,3.76,147.05,1,0,NORMAL
2025-01-01 00:02:00,48.89,4.3,156.52,0,0,NORMAL
2025-01-01 00:06:00,54.48,3.98,154.97,1,0,NORMAL
2025-01-01 05:11:00,51.59,4.35,276.9,1,0,NORMAL
2025-01-01 19:27:00,53.57,5.41,2954.81,25,1,LATENCY_SPIKE
2025-01-01 15:38:00,46.46,3.62,151.86,3,0,NORMAL
2025-01-02 00:37:00,87.38,6.46,736.05,15,1,CPU_OVERLOAD
2025-01-01 03:35:00,49.55,3.15,221.08,3,0,NORMAL
2025-01-01 22:00:00,63.33,8.48,532.71,16,1,MEMORY_LEAK
2025-01-01 00:27:00,47.25,3.74,255.72,1,0,NORMAL
2025-01-02 00:25:00,52.36,6.86,2477.66,28,1,LATENCY_SPIKE
2025-01-01 17:04:00,55.37,3.63,193.03,0,0,NORMAL
2025-01-01 13:05:00,51.48,4.22,175.01,0,0,NORMAL
2025-01-01 10:38:00,37.26,4.17,277.71,1,0,NORMAL
2025-01-01 13:49:00,43.31,3.52,249.27,3,0,NORMAL
2025-01-01 13:46:00,54.48,3.66,194.19,1,0,NORMAL
2025-01-01 10:24:00,54.56,4.97,298.13,0,0,NORMAL
2025-01-01 14:09:00,41.81,3.82,118.48,0,0,NORMAL
2025-01-01 04:16:00,52.6,4.02,181.54,1,0,NORMAL
2025-01-01 00:25:00,45.67,3.7,227.36,1,0,NORMAL
2025-01-01 05:36:00,40.05,4.78,193.43,0,0,NORMAL
2025-01-01 09:32:00,46.96,4.55,213.02,0,0,NORMAL
2025-01-01 00:47:00,51.34,2.8,158.58,1,0,NORMAL
2025-01-01 01:46:00,56.32,3.59,274.21,0,0,NORMAL
2025-01-01 05:49:00,43.72,3.61,165.47,0,0,NORMAL
2025-01-01 00:55:00,50.59,3.38,169.18,0,0,NORMAL
2025-01-01 13:28:00,52.53,4.17,177.5,0,0,NORMAL
2025-01-01 03:33:00,48.91,3.45,224.89,1,0,NORMAL
2025-01-01 02:00:00,49.75,4.46,182.08,0,0,NORMAL
2025-01-01 14:29:00,57.06,3.72,213.5,0,0,NORMAL
2025-01-01 14:15:00,41.58,4.27,287.37,1,0,NORMAL
2025-01-01 01:12:00,44.79,4.38,184.01,0,0,NORMAL
2025-01-01 23:00:00,85.83,5.4,678.68,15,1,CPU_OVERLOAD
2025-01-01 12:00:00,46.85,4.03,186.06,1,0,NORMAL
2025-01-01 00:45:00,40.68,3.95,274.49,0,0,NORMAL
2025-01-01 21:03:00,66.11,9.56,353.22,8,1,MEMORY_LEAK
2025-01-01 08:43:00,48.42,3.19,270.52,0,0,NORMAL
2025-01-01 14:28:00,48.95,3.9,108.97,0,0,NORMAL
2025-01-01 18:27:00,73.49,9.51,611.08,13,1,MEMORY_LEAK
2025-01-01 21:14:00,92.2,5.51,745.21,5,1,CPU_OVERLOAD
2025-01-01 13:22:00,45.58,3.28,171.51,0,0,NORMAL
2025-01-01 08:53:00,37.73,4.04,215.57,1,0,NORMAL
2025-01-01 18:57:00,93.37,5.25,558.32,10,1,CPU_OVERLOAD
2025-01-01 10:03:00,53.13,3.79,251.19,1,0,NORMAL
2025-01-01 07:45:00,43.67,3.93,179.59,1,0,NORMAL
2025-01-01 20:02:00,96.19,4.09,680.4,13,1,CPU_OVERLOAD
2025-01-01 21:17:00,91.47,4.06,1000.5,3,1,CPU_OVERLOAD
2025-01-02 00:03:00,49.12,4.45,3012.8,18,1,LATENCY_SPIKE
2025-01-01 16:28:00,43.67,3.98,102.44,0,0,NORMAL
2025-01-01 01:00:00,42.12,3.89,144.43,0,0,NORMAL
2025-01-01 14:45:00,56.08,3.1,152.0,0,0,NORMAL
2025-01-01 01:32:00,40.79,3.91,301.22,0,0,NORMAL
2025-01-01 11:06:00,43.47,4.2,198.32,1,0,NORMAL
2025-01-01 11:45:00,48.64,4.82,111.19,1,0,NORMAL
2025-01-01 03:14:00,46.04,3.61,158.48,0,0,NORMAL
2025-01-01 04:40:00,45.68,4.92,151.81,0,0,NORMAL
2025-01-01 11:35:00,43.14,4.14,157.58,1,0,NORMAL
2025-01-01 05:59:00,40.04,3.85,223.6,0,0,NORMAL
2025-01-01 08:39:00,49.51,3.68,272.79,1,0,NORMAL
2025-01-01 13:32:00,53.68,4.48,163.45,1,0,NORMAL
2025-01-01 12:47:00,55.62,3.57,155.67,2,0,NORMAL
2025-01-01 03:02:00,38.57,3.95,259.71,2,0,NORMAL
2025-01-02 00:46:00,91.96,4.95,659.77,12,1,CPU_OVERLOAD
2025-01-01 01:50:00,33.49,2.5,137.48,0,0,NORMAL
2025-01-01 00:42:00,44.31,4.44,208.67,3,0,NORMAL
2025-01-01 16:46:00,50.37,3.71,135.34,0,0,NORMAL
2025-01-01 03:24:00,36.73,4.74,299.78,0,0,NORMAL
2025-01-01 13:40:00,41.9,3.34,164.06,0,0,NORMAL
2025-01-01 00:52:00,40.94,5.25,201.04,1,0,NORMAL
2025-01-01 09:05:00,40.22,3.39,160.76,1,0,NORMAL
2025-01-01 18:51:00,62.85,9.45,578.53,12,1,MEMORY_LEAK
2025-01-01 19:17:00,65.11,8.5,592.41,5,1,MEMORY_LEAK
2025-01-02 00:27:00,65.79,9.4,297.77,19,1,MEMORY_LEAK
2025-01-01 15:10:00,43.15,3.97,195.32,1,0,NORMAL
2025-01-01 03:03:00,47.89,5.55,150.94,2,0,NORMAL
2025-01-01 02:17:00,43.07,3.87,152.3,0,0,NORMAL
2025-01-01 19:09:00,71.81,10.33,696.52,12,1,MEMORY_LEAK
2025-01-01 01:20:00,43.68,4.19,190.5,3,0,NORMAL
2025-01-01 20:12:00,62.83,9.12,503.19,12,1,MEMORY_LEAK
2025-01-01 01:45:00,47.42,4.61,223.62,2,0,NORMAL
2025-01-01 09:01:00,38.22,2.25,189.1,1,0,NORMAL
2025-01-01 21:53:00,64.1,6.22,3343.28,25,1,LATENCY_SPIKE
2025-01-01 08:00:00,44.23,4.08,218.61,0,0,NORMAL
2025-01-01 02:45:00,47.48,4.75,259.63,1,0,NORMAL
2025-01-01 04:08:00,55.59,4.16,234.67,4,0,NORMAL
2025-01-01 05:07:00,41.45,4.24,241.49,0,0,NORMAL
2025-01-01 07:26:00,47.2,5.24,131.12,0,0,NORMAL
2025-01-01 12:26:00,46.12,3.81,170.56,1,0,NORMAL
2025-01-01 05:34:00,50.85,4.45,211.27,0,0,NORMAL
2025-01-01 01:37:00,46.57,3.14,200.96,4,0,NORMAL
2025-01-01 12:39:00,49.2,4.54,209.71,1,0,NORMAL
2025-01-01 12:17:00,50.9,3.55,281.3,0,0,NORMAL
2025-01-01 13:56:00,54.3,3.51,169.8,2,0,NORMAL
2025-01-01 15:42:00,48.9,4.71,170.67,0,0,NORMAL
2025-01-01 01:42:00,42.94,3.62,235.99,1,0,NORMAL
2025-01-01 07:14:00,54.01,4.13,179.13,0,0,NORMAL
2025-01-01 01:14:00,29.28,4.98,158.24,2,0,NORMAL
2025-01-01 22:20:00,68.93,8.86,363.56,12,1,MEMORY_LEAK
2025-01-01 18:44:00,38.03,4.77,3321.08,19,1,LATENCY_SPIKE
2025-01-01 22:39:00,93.13,4.91,939.67,9,1,CPU_OVERLOAD
2025-01-01 05:02:00,49.48,4.32,172.67,0,0,NORMAL
2025-01-01 21:02:00,47.4,6.27,3244.42,18,1,LATENCY_SPIKE
2025-01-01 20:23:00,50.27,5.05,3338.25,14,1,LATENCY_SPIKE
2025-01-01 12:13:00,34.78,4.46,186.3,1,0,NORMAL
2025-01-01 06:28:00,50.7,4.29,201.27,0,0,NORMAL
2025-01-01 03:55:00,48.8,3.2,228.76,1,0,NORMAL
2025-01-01 20:45:00,61.34,5.02,3636.72,19,1,LATENCY_SPIKE
2025-01-01 04:27:00,36.42,3.82,114.63,1,0,NORMAL
2025-01-01 05:05:00,45.7,2.45,267.02,3,0,NORMAL
2025-01-01 01:57:00,37.99,4.34,196.69,0,0,NORMAL
2025-01-01 20:11:00,51.97,4.24,3132.7,17,1,LATENCY_SPIKE
2025-01-01 11:13:00,42.77,4.37,122.57,3,0,NORMAL
2025-01-01 04:09:00,47.43,4.19,180.4,0,0,NORMAL
2025-01-01 18:13:00,94.79,5.34,948.3,15,1,CPU_OVERLOAD
2025-01-01 17:59:00,73.98,10.16,180.98,8,1,MEMORY_LEAK
2025-01-01 01:11:00,54.23,4.71,196.2,0,0,NORMAL
2025-01-01 01:34:00,42.65,3.9,209.49,0,0,NORMAL
2025-01-01 14:07:00,59.73,4.96,50.44,3,0,NORMAL
2025-01-01 00:33:00,38.65,5.25,229.59,2,0,NORMAL
2025-01-01 18:20:00,59.77,9.51,612.01,7,1,MEMORY_LEAK
2025-01-01 07:28:00,41.92,4.61,251.07,1,0,NORMAL
2025-01-01 07:25:00,49.02,5.2,221.65,5,0,NORMAL
2025-01-01 12:51:00,41.63,4.05,222.92,1,0,NORMAL
2025-01-01 11:56:00,45.69,5.3,224.1,1,0,NORMAL
2025-01-01 14:46:00,48.5,4.15,193.86,0,0,NORMAL
2025-01-01 20:44:00,61.34,9.07,515.55,10,1,MEMORY_LEAK
2025-01-01 15:00:00,47.21,2.94,104.61,3,0,NORMAL
2025-01-01 17:15:00,54.44,3.27,222.15,1,0,NORMAL
2025-01-01 01:17:00,43.21,3.55,209.24,2,0,NORMAL
2025-01-01 01:24:00,40.15,3.85,89.41,1,0,NORMAL
2025-01-01 13:54:00,44.79,3.98,243.8,0,0,NORMAL
2025-01-01 01:22:00,53.87,4.97,190.98,1,0,NORMAL
2025-01-01 07:37:00,38.79,4.57,200.17,1,0,NORMAL
2025-01-01 15:18:00,42.32,3.88,177.44,0,0,NORMAL
2025-01-01 11:16:00,38.34,3.68,187.19,1,0,NORMAL
2025-01-01 16:24:00,44.98,4.64,190.71,0,0,NORMAL
2025-01-01 20:39:00,70.17,8.9,526.11,9,1,MEMORY_LEAK
2025-01-01 07:16:00,54.77,3.15,248.79,2,0,NORMAL
2025-01-01 12:50:00,49.25,3.92,168.13,0,0,NORMAL
2025-01-01 10:44:00,43.53,4.08,73.52,2,0,NORMAL
2025-01-01 18:39:00,91.4,6.17,662.52,7,1,CPU_OVERLOAD
2025-01-01 15:05:00,45.28,4.82,133.23,1,0,NORMAL
2025-01-01 19:53:00,72.52,4.55,3353.06,18,1,LATENCY_SPIKE
2025-01-01 06:44:00,42.3,4.34,145.74,0,0,NORMAL
2025-01-01 21:43:00,58.84,4.04,2829.18,19,1,LATENCY_SPIKE
2025-01-01 15:33:00,31.81,4.52,150.89,0,0,NORMAL
2025-01-02 00:45:00,88.9,5.96,1047.2,10,1,CPU_OVERLOAD
2025-01-01 01:44:00,44.03,4.99,152.18,2,0,NORMAL
2025-01-01 10:09:00,53.98,4.68,278.17,1,0,NORMAL
2025-01-02 00:15:00,94.13,6.12,487.89,8,1,CPU_OVERLOAD
2025-01-01 11:28:00,49.27,4.57,177.19,2,0,NORMAL
2025-01-01 15:48:00,44.73,3.9,221.27,1,0,NORMAL
2025-01-01 15:31:00,56.29,3.17,167.09,2,0,NORMAL
2025-01-01 01:02:00,38.36,4.52,224.91,2,0,NORMAL
2025-01-01 04:41:00,48.97,4.73,152.14,1,0,NORMAL
2025-01-01 12:58:00,44.55,3.94,214.61,2,0,NORMAL
2025-01-01 23:13:00,61.02,5.62,2984.63,31,1,LATENCY_SPIKE
2025-01-01 03:58:00,41.03,3.34,200.35,1,0,NORMAL
2025-01-01 03:43:00,35.32,3.81,283.72,0,0,NORMAL
2025-01-01 02:25:00,49.69,4.26,205.22,0,0,NORMAL
2025-01-01 23:18:00,54.78,9.59,436.54,10,1,MEMORY_LEAK
2025-01-01 06:13:00,50.76,3.5,130.95,0,0,NORMAL
2025-01-01 20:28:00,94.04,4.55,844.28,12,1,CPU_OVERLOAD
2025-01-01 01:58:00,51.86,4.36,304.99,2,0,NORMAL
2025-01-01 19:26:00,66.1,9.85,740.35,16,1,MEMORY_LEAK
2025-01-01 04:10:00,37.43,3.6,253.0,1,0,NORMAL
2025-01-02 00:04:00,77.86,9.81,661.59,14,1,MEMORY_LEAK
2025-01-01 17:02:00,44.85,4.05,224.56,3,0,NORMAL
2025-01-01 00:09:00,48.26,3.78,230.16,0,0,NORMAL
2025-01-01 07:29:00,38.64,4.36,304.42,0,0,NORMAL
2025-01-01 14:42:00,42.06,3.72,236.62,0,0,NORMAL
2025-01-01 11:48:00,32.51,4.97,245.77,0,0,NORMAL
2025-01-01 04:15:00,42.09,3.46,213.06,1,0,NORMAL
2025-01-01 09:53:00,47.0,4.27,193.28,0,0,NORMAL
2025-01-01 06:29:00,41.54,4.44,104.02,1,0,NORMAL
2025-01-01 18:07:00,96.56,6.3,945.62,10,1,CPU_OVERLOAD
2025-01-01 20:00:00,61.03,5.45,3047.05,21,1,LATENCY_SPIKE
2025-01-01 09:17:00,42.4,4.97,244.51,0,0,NORMAL
2025-01-01 21:27:00,86.18,5.32,767.52,7,1,CPU_OVERLOAD
2025-01-01 13:59:00,43.72,3.99,180.38,0,0,NORMAL
2025-01-01 07:40:00,56.79,3.31,149.31,1,0,NORMAL
2025-01-01 12:03:00,49.46,4.12,129.74,0,0,NORMAL
2025-01-01 23:01:00,57.46,9.28,485.54,17,1,MEMORY_LEAK
2025-01-01 02:24:00,46.56,3.04,280.86,1,0,NORMAL
2025-01-01 08:21:00,56.46,3.88,230.99,0,0,NORMAL
2025-01-01 18:18:00,51.63,8.57,405.59,9,1,MEMORY_LEAK
2025-01-01 12:19:00,51.09,4.8,192.05,0,0,NORMAL
2025-01-01 23:04:00,67.95,9.07,612.33,6,1,MEMORY_LEAK
2025-01-01 12:11:00,39.13,3.95,153.78,2,0,NORMAL
2025-01-01 08:59:00,41.54,4.05,219.9,1,0,NORMAL
2025-01-01 02:57:00,53.72,3.91,142.56,1,0,NORMAL
2025-01-02 00:06:00,92.43,4.7,750.19,11,1,CPU_OVERLOAD
2025-01-01 11:37:00,37.49,4.3,110.71,0,0,NORMAL
2025-01-01 15:40:00,37.32,4.48,230.51,0,0,NORMAL
2025-01-01 17:29:00,53.28,4.49,155.17,0,0,NORMAL
2025-01-01 15:22:00,45.8,4.39,179.43,0,0,NORMAL
2025-01-01 14:58:00,52.24,4.68,216.71,1,0,NORMAL
2025-01-02 00:52:00,61.33,4.86,3774.57,20,1,LATENCY_SPIKE
2025-01-01 00:07:00,49.6,4.7,231.92,0,0,NORMAL
2025-01-01 14:22:00,54.29,4.38,173.55,1,0,NORMAL
2025-01-01 11:07:00,54.02,4.11,222.74,1,0,NORMAL
2025-01-01 19:20:00,54.35,7.69,416.07,13,1,MEMORY_LEAK
2025-01-01 05:57:00,43.27,4.9,211.97,1,0,NORMAL
2025-01-01 13:03:00,48.66,4.17,222.88,1,0,NORMAL
2025-01-01 12:15:00,47.84,3.13,185.01,1,0,NORMAL
2025-01-01 05:29:00,48.77,5.1,183.3,2,0,NORMAL
2025-01-01 17:35:00,53.91,4.44,3663.02,27,1,LATENCY_SPIKE
2025-01-01 19:08:00,90.32,4.7,789.3,4,1,CPU_OVERLOAD
2025-01-01 18:37:00,48.25,7.84,419.09,12,1,MEMORY_LEAK
2025-01-01 04:18:00,47.66,4.65,111.19,2,0,NORMAL
2025-01-01 19:35:00,55.26,6.04,2915.56,19,1,LATENCY_SPIKE
2025-01-01 06:12:00,53.71,3.78,160.7,1,0,NORMAL
2025-01-01 18:23:00,66.77,8.67,515.12,6,1,MEMORY_LEAK
2025-01-01 15:25:00,35.86,3.77,180.57,0,0,NORMAL
2025-01-01 02:22:00,35.36,3.64,298.82,1,0,NORMAL
2025-01-01 08:45:00,34.17,3.98,156.95,0,0,NORMAL
2025-01-01 18:58:00,100.0,6.14,559.56,12,1,CPU_OVERLOAD
2025-01-01 16:47:00,48.81,4.52,228.62,1,0,NORMAL
2025-01-01 18:41:00,49.04,8.88,544.1,11,1,MEMORY_LEAK
2025-01-01 23:43:00,60.32,8.76,499.19,14,1,MEMORY_LEAK
2025-01-01 07:20:00,47.3,3.67,164.52,1,0,NORMAL
2025-01-01 08:51:00,35.03,4.69,223.16,1,0,NORMAL
2025-01-01 20:01:00,100.0,5.67,923.93,7,1,CPU_OVERLOAD
2025-01-01 03:46:00,45.39,5.39,145.41,1,0,NORMAL
2025-01-01 17:16:00,37.65,3.7,247.58,2,0,NORMAL
2025-01-01 03:48:00,40.71,4.12,234.78,0,0,NORMAL
2025-01-01 21:19:00,41.85,4.92,3508.93,28,1,LATENCY_SPIKE
2025-01-02 00:09:00,96.9,4.73,511.03,9,1,CPU_OVERLOAD
2025-01-01 03:32:00,50.72,4.32,211.5,0,0,NORMAL
2025-01-01 01:19:00,33.07,4.2,200.34,0,0,NORMAL
2025-01-01 02:28:00,48.13,4.13,190.54,1,0,NORMAL
2025-01-01 13:34:00,51.19,4.78,234.28,1,0,NORMAL
2025-01-01 15:03:00,52.67,3.61,294.38,0,0,NORMAL
2025-01-01 15:58:00,48.42,4.4,139.89,2,0,NORMAL
2025-01-01 11:11:00,32.56,3.84,162.67,1,0,NORMAL
2025-01-01 19:15:00,97.48,4.66,1038.34,8,1,CPU_OVERLOAD
2025-01-01 09:15:00,42.53,3.43,242.73,1,0,NORMAL
2025-01-01 15:07:00,49.48,5.88,122.63,0,0,NORMAL
2025-01-01 02:13:00,47.84,3.06,244.63,2,0,NORMAL
2025-01-01 18:28:00,54.6,3.95,3074.4,17,1,LATENCY_SPIKE
2025-01-01 13:43:00,42.82,4.47,196.79,1,0,NORMAL
2025-01-01 06:48:00,45.72,4.77,132.45,0,0,NORMAL
2025-01-01 06:08:00,45.59,4.92,234.17,2,0,NORMAL
2025-01-01 08:27:00,39.82,3.52,89.72,0,0,NORMAL
2025-01-01 19:41:00,46.72,4.26,2598.85,20,1,LATENCY_SPIKE
2025-01-01 08:24:00,41.1,3.86,168.78,1,0,NORMAL
2025-01-02 00:48:00,94.88,6.27,787.54,11,1,CPU_OVERLOAD
2025-01-01 05:47:00,36.56,3.42,188.28,0,0,NORMAL
2025-01-01 06:26:00,47.05,3.85,180.64,0,0,NORMAL
2025-01-01 00:00:00,47.98,3.62,218.82,0,0,NORMAL
2025-01-01 06:00:00,48.12,4.8,203.8,1,0,NORMAL
2025-01-01 14:54:00,53.29,4.37,152.4,4,0,NORMAL
2025-01-01 13:48:00,42.48,2.99,278.91,0,0,NORMAL
2025-01-01 23:35:00,91.32,4.22,686.77,8,1,CPU_OVERLOAD
2025-01-01 07:55:00,43.51,4.65,144.4,1,0,NORMAL
2025-01-01 21:20:00,70.97,9.07,486.78,14,1,MEMORY_LEAK
2025-01-01 00:57:00,43.14,3.37,184.11,0,0,NORMAL
2025-01-01 10:37:00,45.44,4.12,217.12,2,0,NORMAL
2025-01-01 22:10:00,62.24,9.1,353.54,13,1,MEMORY_LEAK
2025-01-01 17:33:00,86.57,6.0,737.08,8,1,CPU_OVERLOAD
2025-01-01 22:50:00,94.06,6.09,628.81,7,1,CPU_OVERLOAD
2025-01-01 02:52:00,44.54,4.38,166.21,3,0,NORMAL
2025-01-01 07:30:00,44.62,4.47,120.7,2,0,NORMAL
2025-01-01 02:05:00,58.14,3.83,266.07,0,0,NORMAL
2025-01-01 19:39:00,81.87,4.45,682.33,11,1,CPU_OVERLOAD
2025-01-01 08:50:00,48.83,4.12,214.83,0,0,NORMAL
2025-01-01 14:17:00,47.83,3.32,188.17,0,0,NORMAL
2025-01-01 11:53:00,47.39,3.04,183.94,1,0,NORMAL
2025-01-01 01:30:00,45.58,3.82,120.09,1,0,NORMAL
2025-01-02 00:10:00,60.16,9.48,568.78,9,1,MEMORY_LEAK
2025-01-01 03:01:00,39.86,3.18,166.12,3,0,NORMAL
2025-01-01 14:35:00,55.77,3.45,205.29,0,0,NORMAL
2025-01-01 17:10:00,43.46,4.0,195.54,0,0,NORMAL
2025-01-01 13:06:00,50.0,3.31,173.69,0,0,NORMAL
2025-01-01 06:54:00,46.99,3.65,193.73,1,0,NORMAL
2025-01-01 04:11:00,50.51,4.6,230.85,1,0,NORMAL
2025-01-01 01:09:00,41.13,4.63,223.32,3,0,NORMAL
2025-01-01 13:23:00,42.23,4.55,216.48,1,0,NORMAL
2025-01-01 02:11:00,45.41,4.84,239.53,1,0,NORMAL
2025-01-01 05:00:00,40.03,3.3,163.91,0,0,NORMAL
2025-01-01 23:49:00,64.09,4.26,3176.46,24,1,LATENCY_SPIKE
2025-01-01 05:26:00,51.95,3.6,228.6,1,0,NORMAL
2025-01-02 00:24:00,68.79,9.42,444.21,9,1,MEMORY_LEAK
2025-01-01 18:33:00,65.4,9.05,527.78,17,1,MEMORY_LEAK
2025-01-01 08:19:00,36.7,4.74,175.4,0,0,NORMAL
2025-01-01 22:57:00,58.2,4.58,3545.96,23,1,LATENCY_SPIKE
2025-01-01 13:52:00,38.98,3.26,155.54,2,0,NORMAL
2025-01-01 06:04:00,49.14,3.61,243.46,0,0,NORMAL
2025-01-01 08:15:00,48.23,4.28,87.66,1,0,NORMAL
2025-01-01 23:14:00,85.13,3.89,729.5,11,1,CPU_OVERLOAD
2025-01-01 05:38:00,47.48,4.02,178.16,1,0,NORMAL
2025-01-01 07:01:00,55.53,3.63,349.26,1,0,NORMAL
2025-01-01 02:44:00,50.78,3.82,234.01,0,0,NORMAL
2025-01-01 00:28:00,41.4,4.9,235.77,4,0,NORMAL
2025-01-01 08:36:00,48.01,4.04,163.29,0,0,NORMAL
2025-01-01 03:13:00,37.53,3.39,159.59,0,0,NORMAL
2025-01-01 22:07:00,56.8,4.3,2911.61,20,1,LATENCY_SPIKE
2025-01-01 22:41:00,94.65,4.64,646.51,9,1,CPU_OVERLOAD
2025-01-01 15:45:00,38.58,4.64,97.5,1,0,NORMAL
2025-01-01 22:40:00,97.01,5.05,653.61,10,1,CPU_OVERLOAD
2025-01-01 02:49:00,40.48,5.29,195.92,1,0,NORMAL
2025-01-01 02:47:00,56.38,4.17,215.98,1,0,NORMAL
2025-01-01 10:52:00,43.39,4.38,176.71,0,0,NORMAL
2025-01-01 02:53:00,47.05,4.25,201.71,1,0,NORMAL
2025-01-01 08:38:00,45.6,3.06,222.86,2,0,NORMAL
2025-01-01 20:13:00,62.86,8.54,513.18,15,1,MEMORY_LEAK
2025-01-01 23:20:00,58.09,4.6,3867.07,11,1,LATENCY_SPIKE
2025-01-01 15:12:00,46.5,4.31,135.64,1,0,NORMAL
2025-01-01 08:11:00,53.88,5.06,177.13,3,0,NORMAL
2025-01-01 15:53:00,53.66,3.82,160.81,1,0,NORMAL
2025-01-01 01:13:00,54.39,3.31,207.59,0,0,NORMAL
2025-01-01 20:52:00,48.23,4.52,3241.17,21,1,LATENCY_SPIKE
2025-01-01 09:47:00,39.9,4.25,123.22,1,0,NORMAL
2025-01-01 12:30:00,39.46,5.14,172.59,1,0,NORMAL
2025-01-01 10:57:00,44.86,5.14,162.09,2,0,NORMAL
2025-01-01 14:02:00,38.26,3.74,232.02,2,0,NORMAL
2025-01-01 03:54:00,57.86,3.53,244.52,2,0,NORMAL
2025-01-01 12:12:00,47.45,3.1,278.14,0,0,NORMAL
2025-01-01 03:34:00,43.11,4.1,233.3,0,0,NORMAL
2025-01-01 02:42:00,51.95,3.57,261.79,0,0,NORMAL
2025-01-01 02:12:00,38.63,4.55,101.49,1,0,NORMAL
2025-01-01 21:51:00,89.89,4.73,469.21,9,1,CPU_OVERLOAD
2025-01-01 03:42:00,49.12,3.34,222.89,0,0,NORMAL
2025-01-01 20:27:00,62.23,4.02,2197.37,18,1,LATENCY_SPIKE
2025-01-01 15:34:00,47.64,4.57,202.95,1,0,NORMAL
2025-01-01 03:05:00,49.28,4.98,223.1,1,0,NORMAL
2025-01-01 00:41:00,46.03,3.98,202.54,0,0,NORMAL
2025-01-01 11:32:00,38.51,4.04,179.35,1,0,NORMAL
2025-01-01 01:48:00,46.55,4.59,184.35,1,0,NORMAL
2025-01-01 00:38:00,37.03,3.84,138.04,0,0,NORMAL
2025-01-01 09:28:00,33.78,3.74,227.61,1,0,NORMAL
2025-01-01 16:34:00,38.99,3.51,156.81,0,0,NORMAL
2025-01-01 22:22:00,50.6,3.43,2607.37,19,1,LATENCY_SPIKE
2025-01-02 00:01:00,53.97,7.75,580.66,11,1,MEMORY_LEAK
2025-01-01 08:03:00,46.22,3.91,261.18,1,0,NORMAL
2025-01-01 07:48:00,41.82,3.39,242.92,0,0,NORMAL
2025-01-01 14:50:00,49.92,4.18,275.82,0,0,NORMAL
2025-01-01 15:47:00,40.85,3.47,183.19,3,0,NORMAL
2025-01-01 00:24:00,41.73,4.6,201.12,1,0,NORMAL
2025-01-01 16:49:00,41.79,4.12,106.51,1,0,NORMAL
2025-01-01 19:52:00,88.02,3.37,900.62,8,1,CPU_OVERLOAD
2025-01-01 01:08:00,47.17,4.12,188.3,1,0,NORMAL
2025-01-01 14:44:00,49.09,5.59,117.26,1,0,NORMAL
2025-01-01 22:34:00,62.46,4.85,3707.43,12,1,LATENCY_SPIKE
2025-01-01 06:06:00,46.34,4.03,161.84,1,0,NORMAL
2025-01-01 08:25:00,42.08,4.22,190.77,1,0,NORMAL
2025-01-01 14:10:00,41.26,4.42,260.3,2,0,NORMAL
2025-01-01 21:55:00,92.62,4.15,808.51,15,1,CPU_OVERLOAD
2025-01-01 06:23:00,41.85,3.65,161.67,1,0,NORMAL
2025-01-01 12:14:00,51.17,4.05,187.83,2,0,NORMAL
2025-01-01 11:57:00,45.9,3.89,218.44,2,0,NORMAL
2025-01-01 22:15:00,67.7,9.3,356.24,14,1,MEMORY_LEAK
2025-01-01 07:34:00,41.82,3.9,156.59,0,0,NORMAL
2025-01-01 04:24:00,43.48,4.01,168.54,1,0,NORMAL
2025-01-01 01:15:00,49.93,3.31,304.48,0,0,NORMAL
2025-01-01 15:14:00,44.43,4.33,170.82,0,0,NORMAL
2025-01-01 03:52:00,45.27,4.42,124.11,0,0,NORMAL
2025-01-01 07:24:00,37.17,4.93,321.34,0,0,NORMAL
2025-01-01 06:35:00,42.18,3.61,240.66,1,0,NORMAL
2025-01-01 10:11:00,44.67,3.93,276.62,2,0,NORMAL
2025-01-01 02:56:00,45.08,4.03,233.97,1,0,NORMAL
2025-01-01 00:18:00,39.55,3.72,71.88,1,0,NORMAL
2025-01-01 21:50:00,93.06,4.67,790.6,5,1,CPU_OVERLOAD
2025-01-01 20:21:00,94.49,4.97,615.03,9,1,CPU_OVERLOAD
2025-01-01 05:41:00,46.46,3.59,269.07,2,0,NORMAL
2025-01-01 22:27:00,63.89,9.38,489.0,12,1,MEMORY_LEAK
2025-01-01 14:39:00,52.13,5.18,209.99,0,0,NORMAL
2025-01-01 09:55:00,41.94,4.26,271.57,0,0,NORMAL
2025-01-01 01:01:00,43.89,4.13,212.33,2,0,NORMAL
2025-01-01 21:00:00,59.22,8.0,776.62,15,1,MEMORY_LEAK
2025-01-01 04:32:00,51.98,3.96,208.0,1,0,NORMAL
2025-01-01 20:08:00,70.72,9.36,460.8,9,1,MEMORY_LEAK
2025-01-01 14:32:00,36.72,3.36,131.58,1,0,NORMAL
2025-01-01 18:40:00,83.76,5.76,1033.07,14,1,CPU_OVERLOAD
2025-01-01 23:26:00,95.56,4.57,769.97,11,1,CPU_OVERLOAD
2025-01-01 04:38:00,45.42,3.27,179.33,0,0,NORMAL
2025-01-01 00:36:00,46.25,4.62,205.09,1,0,NORMAL
2025-01-01 11:02:00,44.8,2.7,244.77,0,0,NORMAL
2025-01-01 22:31:00,100.0,4.49,750.86,9,1,CPU_OVERLOAD
2025-01-01 18:09:00,96.49,5.57,672.79,6,1,CPU_OVERLOAD
2025-01-01 16:17:00,30.46,4.74,227.65,0,0,NORMAL
2025-01-01 12:18:00,54.99,4.19,310.94,1,0,NORMAL
2025-01-01 03:11:00,50.14,3.88,248.94,1,0,NORMAL
2025-01-01 15:19:00,46.16,4.68,227.59,0,0,NORMAL
2025-01-01 07:36:00,44.36,4.42,68.21,0,0,NORMAL
2025-01-01 11:15:00,40.33,4.65,185.76,1,0,NORMAL
2025-01-01 12:40:00,41.55,3.71,173.44,2,0,NORMAL
2025-01-01 22:32:00,69.32,9.73,556.71,14,1,MEMORY_LEAK
2025-01-01 12:08:00,41.76,3.74,247.57,0,0,NORMAL
2025-01-01 06:52:00,35.8,3.87,227.44,0,0,NORMAL
2025-01-01 13:45:00,53.72,4.84,212.61,1,0,NORMAL
2025-01-01 10:16:00,45.66,3.4,231.28,3,0,NORMAL
2025-01-01 01:54:00,43.85,4.61,176.5,0,0,NORMAL
2025-01-01 06:57:00,45.69,4.24,89.03,1,0,NORMAL
2025-01-01 23:48:00,92.04,5.38,580.61,8,1,CPU_OVERLOAD
2025-01-01 16:09:00,36.42,3.26,234.64,2,0,NORMAL
2025-01-01 10:04:00,47.48,4.2,212.47,0,0,NORMAL
2025-01-01 23:54:00,67.25,9.69,521.55,14,1,MEMORY_LEAK
2025-01-01 01:29:00,48.08,4.42,229.43,1,0,NORMAL
2025-01-01 14:08:00,41.17,4.34,190.66,0,0,NORMAL
2025-01-01 19:05:00,59.75,8.98,478.91,8,1,MEMORY_LEAK
2025-01-01 23:53:00,53.17,4.78,3481.01,22,1,LATENCY_SPIKE
2025-01-01 12:33:00,51.32,3.09,211.03,0,0,NORMAL
2025-01-01 08:18:00,39.75,4.46,260.0,2,0,NORMAL
2025-01-01 00:11:00,42.21,2.29,191.86,0,0,NORMAL
2025-01-01 06:36:00,34.72,3.68,186.05,0,0,NORMAL
2025-01-01 04:44:00,57.8,4.09,201.64,0,0,NORMAL
2025-01-01 11:30:00,42.83,3.94,229.75,2,0,NORMAL
2025-01-01 20:30:00,88.11,5.03,828.6,8,1,CPU_OVERLOAD
2025-01-01 23:23:00,93.3,5.62,823.51,13,1,CPU_OVERLOAD
2025-01-01 11:29:00,47.67,5.03,209.07,0,0,NORMAL
2025-01-01 14:11:00,41.67,3.8,238.87,3,0,NORMAL
2025-01-01 02:39:00,48.94,5.05,209.95,0,0,NORMAL
2025-01-01 14:55:00,48.89,3.78,203.87,0,0,NORMAL
2025-01-01 19:49:00,63.64,5.65,3476.65,14,1,LATENCY_SPIKE
2025-01-01 04:17:00,40.75,3.99,207.17,0,0,NORMAL
2025-01-01 05:35:00,44.12,4.18,181.52,1,0,NORMAL
2025-01-01 23:27:00,64.79,4.26,2464.98,21,1,LATENCY_SPIKE
2025-01-01 17:19:00,51.28,4.87,186.62,2,0,NORMAL
2025-01-01 08:35:00,49.53,3.83,233.42,1,0,NORMAL
2025-01-01 16:55:00,46.19,3.65,212.57,1,0,NORMAL
2025-01-01 12:48:00,41.24,3.87,226.74,1,0,NORMAL
2025-01-01 21:56:00,71.65,8.62,666.94,11,1,MEMORY_LEAK
2025-01-01 12:41:00,45.73,4.09,224.19,1,0,NORMAL
2025-01-01 18:22:00,78.94,10.23,291.98,12,1,MEMORY_LEAK
2025-01-01 08:41:00,48.26,3.25,239.45,1,0,NORMAL
2025-01-01 00:22:00,45.41,4.05,199.04,3,0,NORMAL
2025-01-01 05:56:00,44.89,3.15,171.0,0,0,NORMAL
2025-01-01 21:11:00,58.62,6.32,3057.56,24,1,LATENCY_SPIKE
2025-01-01 05:40:00,40.07,4.28,287.48,2,0,NORMAL
2025-01-01 07:11:00,32.76,3.78,153.68,1,0,NORMAL
2025-01-01 07:53:00,53.2,3.42,197.49,1,0,NORMAL
2025-01-01 03:37:00,43.58,3.46,169.14,0,0,NORMAL
2025-01-01 15:11:00,46.31,4.17,266.29,0,0,NORMAL
2025-01-01 20:04:00,41.84,8.99,687.58,16,1,MEMORY_LEAK
2025-01-01 16:51:00,46.19,3.92,185.84,0,0,NORMAL
2025-01-02 00:18:00,97.54,5.77,1108.0,13,1,CPU_OVERLOAD
2025-01-01 01:33:00,43.03,4.08,131.84,0,0,NORMAL
2025-01-01 16:48:00,51.3,4.16,222.53,1,0,NORMAL
2025-01-01 17:50:00,71.93,8.54,496.36,10,1,MEMORY_LEAK
2025-01-01 11:36:00,46.96,4.59,228.66,3,0,NORMAL
2025-01-01 16:36:00,55.79,4.0,252.09,0,0,NORMAL
2025-01-01 02:33:00,46.39,4.33,199.4,0,0,NORMAL
2025-01-01 21:39:00,48.1,4.11,3609.01,34,1,LATENCY_SPIKE
2025-01-02 00:57:00,59.93,4.58,3708.76,16,1,LATENCY_SPIKE
2025-01-01 13:09:00,35.03,3.88,219.15,3,0,NORMAL
2025-01-01 09:40:00,47.03,4.29,233.96,1,0,NORMAL
2025-01-01 11:43:00,36.55,2.9,149.8,2,0,NORMAL
2025-01-01 20:58:00,75.06,9.17,509.46,10,1,MEMORY_LEAK
2025-01-01 08:07:00,38.51,3.68,189.85,0,0,NORMAL
2025-01-01 09:19:00,42.47,3.85,227.66,0,0,NORMAL
2025-01-01 13:21:00,41.9,5.07,178.79,1,0,NORMAL
2025-01-01 08:32:00,43.57,2.55,189.93,2,0,NORMAL
2025-01-01 10:33:00,42.44,4.19,156.01,2,0,NORMAL
2025-01-01 18:30:00,50.45,5.37,3179.81,24,1,LATENCY_SPIKE
2025-01-02 00:31:00,60.19,5.47,3463.6,23,1,LATENCY_SPIKE
2025-01-01 13:10:00,47.58,3.92,207.06,0,0,NORMAL
2025-01-01 01:56:00,44.79,4.83,178.16,1,0,NORMAL
2025-01-01 12:20:00,33.95,2.87,214.78,0,0,NORMAL
2025-01-01 18:01:00,68.53,10.05,624.81,9,1,MEMORY_LEAK
2025-01-01 13:50:00,36.93,4.58,243.46,2,0,NORMAL
2025-01-01 01:59:00,49.51,4.51,187.65,1,0,NORMAL
2025-01-01 10:56:00,45.08,4.4,209.75,1,0,NORMAL
2025-01-01 10:35:00,35.07,4.71,173.45,1,0,NORMAL
2025-01-01 06:09:00,40.36,4.3,189.53,1,0,NORMAL
2025-01-01 04:28:00,42.36,3.63,144.17,2,0,NORMAL
2025-01-01 10:55:00,45.36,3.86,177.42,0,0,NORMAL
2025-01-01 15:35:00,41.99,4.31,222.34,0,0,NORMAL
2025-01-01 13:42:00,58.79,3.82,190.27,3,0,NORMAL
2025-01-01 14:26:00,46.72,3.53,217.63,1,0,NORMAL
2025-01-01 00:46:00,42.24,4.05,119.95,1,0,NORMAL
2025-01-01 21:30:00,99.57,4.38,684.05,2,1,CPU_OVERLOAD
2025-01-01 16:31:00,32.75,3.75,237.99,0,0,NORMAL
2025-01-01 14:36:00,41.89,2.48,263.19,0,0,NORMAL
2025-01-01 12:53:00,50.84,3.61,170.77,1,0,NORMAL
2025-01-02 00:59:00,57.22,9.68,592.84,9,1,MEMORY_LEAK
2025-01-01 00:04:00,43.6,3.67,140.53,1,0,NORMAL
2025-01-01 16:43:00,41.12,3.82,253.53,3,0,NORMAL
2025-01-01 21:41:00,96.68,4.19,1037.32,11,1,CPU_OVERLOAD
2025-01-01 04:23:00,38.85,4.33,255.63,1,0,NORMAL
2025-01-01 22:13:00,44.92,8.9,631.82,12,1,MEMORY_LEAK
2025-01-02 00:02:00,62.77,9.0,450.19,13,1,MEMORY_LEAK
2025-01-01 07:23:00,44.47,4.11,184.58,1,0,NORMAL
2025-01-01 16:42:00,45.36,3.61,282.47,3,0,NORMAL
2025-01-01 17:57:00,76.31,8.96,397.09,8,1,MEMORY_LEAK
2025-01-01 13:57:00,39.01,4.25,188.52,0,0,NORMAL
2025-01-01 22:19:00,59.87,8.87,619.84,11,1,MEMORY_LEAK
2025-01-01 05:04:00,44.87,3.65,283.67,1,0,NORMAL
2025-01-01 19:34:00,80.68,9.27,509.93,12,1,MEMORY_LEAK
2025-01-01 05:13:00,49.88,3.42,154.12,1,0,NORMAL
2025-01-01 02:29:00,46.78,4.82,246.08,0,0,NORMAL
2025-01-01 09:34:00,49.98,5.12,149.57,5,0,NORMAL
2025-01-01 00:50:00,46.94,4.6,191.21,0,0,NORMAL
2025-01-01 23:34:00,61.46,9.01,428.3,18,1,MEMORY_LEAK
2025-01-01 12:06:00,45.11,3.63,262.34,1,0,NORMAL
2025-01-01 13:53:00,40.39,3.64,247.77,0,0,NORMAL
2025-01-01 18:35:00,69.29,8.93,474.63,12,1,MEMORY_LEAK
2025-01-01 07:50:00,43.35,4.73,201.91,1,0,NORMAL
2025-01-01 16:11:00,40.91,4.17,285.13,1,0,NORMAL
2025-01-01 10:53:00,38.36,4.67,192.46,2,0,NORMAL
2025-01-01 06:39:00,52.43,4.01,217.0,1,0,NORMAL
2025-01-01 08:31:00,44.7,3.55,143.12,0,0,NORMAL
2025-01-01 05:20:00,45.58,3.9,252.37,1,0,NORMAL
2025-01-01 00:19:00,36.53,4.21,190.45,2,0,NORMAL
2025-01-01 11:24:00,37.67,4.48,175.64,0,0,NORMAL
2025-01-01 00:35:00,37.67,4.26,171.32,1,0,NORMAL
2025-01-01 15:02:00,45.17,3.46,179.32,0,0,NORMAL
2025-01-01 13:47:00,41.86,3.87,210.74,1,0,NORMAL
2025-01-01 22:24:00,49.64,4.72,2298.88,26,1,LATENCY_SPIKE
2025-01-01 06:47:00,44.15,4.23,262.23,3,0,NORMAL
2025-01-01 15:20:00,51.44,4.36,260.01,0,0,NORMAL
2025-01-01 08:57:00,42.69,3.78,247.07,0,0,NORMAL
2025-01-01 12:38:00,39.85,3.05,258.99,1,0,NORMAL
2025-01-01 17:42:00,51.21,5.2,3060.73,22,1,LATENCY_SPIKE
2025-01-01 04:05:00,42.99,3.94,254.86,1,0,NORMAL
2025-01-01 18:47:00,58.82,8.49,577.08,11,1,MEMORY_LEAK
2025-01-01 13:04:00,48.36,3.63,62.62,2,0,NORMAL
2025-01-01 08:09:00,50.29,2.28,196.82,0,0,NORMAL
2025-01-01 02:34:00,46.76,4.03,137.38,1,0,NORMAL
2025-01-01 16:01:00,52.97,3.54,183.36,1,0,NORMAL
2025-01-01 14:13:00,52.13,4.22,276.05,1,0,NORMAL
2025-01-01 10:25:00,41.93,3.81,200.18,1,0,NORMAL
2025-01-01 11:25:00,49.28,3.03,182.4,0,0,NORMAL
2025-01-01 09:29:00,42.89,4.69,231.28,1,0,NORMAL
2025-01-01 23:46:00,57.79,8.76,448.32,14,1,MEMORY_LEAK
2025-01-01 00:17:00,46.89,4.7,150.28,0,0,NORMAL
2025-01-01 02:07:00,41.6,3.94,169.98,1,0,NORMAL
2025-01-01 15:27:00,47.26,4.57,222.46,0,0,NORMAL
2025-01-01 16:20:00,49.71,4.48,260.03,1,0,NORMAL
2025-01-02 00:29:00,91.04,4.7,899.56,10,1,CPU_OVERLOAD
2025-01-01 03:10:00,42.32,3.77,286.94,0,0,NORMAL
2025-01-01 18:59:00,58.73,8.62,579.09,13,1,MEMORY_LEAK
2025-01-01 16:32:00,43.52,3.69,195.28,2,0,NORMAL
2025-01-02 00:23:00,66.31,8.77,505.74,12,1,MEMORY_LEAK
2025-01-01 20:51:00,95.32,5.4,798.87,13,1,CPU_OVERLOAD
2025-01-01 10:06:00,40.36,4.1,207.24,1,0,NORMAL
2025-01-01 03:00:00,48.75,3.67,113.71,1,0,NORMAL
2025-01-01 05:01:00,41.64,2.92,208.84,2,0,NORMAL
2025-01-01 08:16:00,38.78,3.4,169.66,0,0,NORMAL
2025-01-01 21:54:00,68.83,9.88,577.29,9,1,MEMORY_LEAK
2025-01-01 20:55:00,92.0,5.48,742.93,13,1,CPU_OVERLOAD
2025-01-01 20:37:00,66.28,8.39,751.48,8,1,MEMORY_LEAK
2025-01-01 08:37:00,39.13,4.31,204.1,2,0,NORMAL
2025-01-01 17:49:00,57.59,5.12,3030.91,19,1,LATENCY_SPIKE
2025-01-01 07:56:00,48.46,5.13,273.21,0,0,NORMAL
2025-01-01 02:37:00,47.84,3.6,178.96,2,0,NORMAL
2025-01-01 19:55:00,84.1,6.13,707.27,15,1,CPU_OVERLOAD
2025-01-01 00:16:00,38.92,3.22,188.57,1,0,NORMAL
2025-01-01 17:52:00,52.94,5.02,2957.67,19,1,LATENCY_SPIKE
2025-01-01 09:06:00,48.46,4.37,181.47,1,0,NORMAL
2025-01-01 10:58:00,46.19,3.92,143.47,2,0,NORMAL
2025-01-01 20:26:00,92.12,4.19,729.41,9,1,CPU_OVERLOAD
2025-01-01 16:59:00,47.54,4.56,282.77,2,0,NORMAL
2025-01-01 21:58:00,46.66,5.41,2828.35,14,1,LATENCY_SPIKE
2025-01-01 15:59:00,47.69,4.56,180.22,0,0,NORMAL
2025-01-01 23:29:00,51.61,5.0,3428.8,13,1,LATENCY_SPIKE
2025-01-01 04:43:00,37.57,4.89,197.57,0,0,NORMAL
2025-01-01 13:17:00,49.09,3.48,286.23,2,0,NORMAL
2025-01-01 03:45:00,51.53,4.09,233.44,3,0,NORMAL
2025-01-01 00:26:00,38.09,3.07,140.96,0,0,NORMAL
2025-01-01 07:17:00,36.72,2.94,245.92,0,0,NORMAL
2025-01-02 00:17:00,60.11,5.34,3137.41,25,1,LATENCY_SPIKE
2025-01-01 03:49:00,49.08,3.81,242.46,2,0,NORMAL
2025-01-01 00:37:00,33.24,4.14,277.45,2,0,NORMAL
2025-01-01 12:29:00,36.56,4.01,173.04,2,0,NORMAL
2025-01-01 17:25:00,50.3,3.95,223.5,1,0,NORMAL
2025-01-01 07:49:00,41.55,5.11,188.27,1,0,NORMAL
2025-01-01 21:18:00,54.94,4.87,2927.65,17,1,LATENCY_SPIKE
2025-01-02 00:32:00,90.85,4.28,621.72,4,1,CPU_OVERLOAD
2025-01-01 11:27:00,42.75,3.36,135.19,2,0,NORMAL
2025-01-01 22:58:00,81.18,4.93,715.0,12,1,CPU_OVERLOAD
2025-01-01 10:39:00,37.23,3.84,242.7,1,0,NORMAL
2025-01-01 23:36:00,57.81,5.5,3434.83,20,1,LATENCY_SPIKE
2025-01-01 20:18:00,61.42,8.27,235.01,13,1,MEMORY_LEAK
2025-01-01 19:18:00,94.75,4.89,803.72,6,1,CPU_OVERLOAD
2025-01-01 20:50:00,59.86,9.41,364.58,17,1,MEMORY_LEAK
2025-01-01 23:59:00,95.22,5.71,1011.35,12,1,CPU_OVERLOAD
2025-01-01 13:20:00,50.63,3.61,197.72,1,0,NORMAL
2025-01-01 02:40:00,39.15,3.25,221.84,0,0,NORMAL
2025-01-01 15:56:00,47.06,4.0,172.22,2,0,NORMAL
2025-01-01 19:46:00,90.34,5.45,824.84,6,1,CPU_OVERLOAD
2025-01-01 13:41:00,53.46,3.87,237.25,1,0,NORMAL
2025-01-01 21:10:00,92.67,5.66,876.49,7,1,CPU_OVERLOAD
2025-01-01 14:37:00,46.34,3.83,157.68,0,0,NORMAL
2025-01-01 15:13:00,54.46,4.39,130.14,2,0,NORMAL
2025-01-01 02:32:00,40.92,4.07,127.44,1,0,NORMAL
2025-01-01 22:53:00,62.18,3.88,3607.09,17,1,LATENCY_SPIKE
2025-01-01 08:29:00,40.01,3.84,263.74,1,0,NORMAL
2025-01-01 18:55:00,53.36,5.75,2888.39,18,1,LATENCY_SPIKE
2025-01-01 22:01:00,59.89,8.03,404.43,15,1,MEMORY_LEAK
2025-01-01 01:43:00,40.19,3.21,135.34,2,0,NORMAL
2025-01-01 09:46:00,42.24,3.43,223.46,0,0,NORMAL
2025-01-01 22:08:00,53.75,4.39,3452.58,15,1,LATENCY_SPIKE
2025-01-01 19:03:00,58.87,4.39,3524.2,20,1,LATENCY_SPIKE
2025-01-01 00:53:00,48.67,3.92,211.54,2,0,NORMAL
2025-01-01 02:31:00,47.08,3.74,275.56,1,0,NORMAL
2025-01-01 06:43:00,45.28,5.56,169.39,0,0,NORMAL
2025-01-02 00:14:00,52.85,4.23,3968.35,21,1,LATENCY_SPIKE
2025-01-01 03:27:00,48.08,4.25,190.84,0,0,NORMAL
2025-01-01 23:37:00,87.13,5.47,870.33,4,1,CPU_OVERLOAD
2025-01-01 18:42:00,94.58,5.18,800.79,9,1,CPU_OVERLOAD
2025-01-01 00:08:00,42.18,4.33,183.57,2,0,NORMAL
2025-01-01 16:54:00,55.42,4.16,219.45,1,0,NORMAL
2025-01-01 22:23:00,54.28,8.62,413.01,7,1,MEMORY_LEAK
2025-01-01 17:40:00,53.6,5.15,3591.2,22,1,LATENCY_SPIKE
2025-01-01 07:32:00,39.09,3.51,293.55,0,0,NORMAL
2025-01-01 04:13:00,51.19,3.55,131.7,0,0,NORMAL
2025-01-01 14:56:00,44.0,4.23,212.89,1,0,NORMAL
2025-01-01 21:48:00,91.13,4.34,999.88,6,1,CPU_OVERLOAD
2025-01-01 14:40:00,60.16,3.26,213.2,0,0,NORMAL
2025-01-01 23:47:00,60.64,6.05,3187.39,13,1,LATENCY_SPIKE
2025-01-01 10:23:00,53.07,3.45,274.08,1,0,NORMAL
2025-01-01 05:45:00,46.39,4.11,213.17,2,0,NORMAL
2025-01-01 21:26:00,96.69,6.05,677.58,10,1,CPU_OVERLOAD
2025-01-01 04:22:00,25.55,4.83,123.88,0,0,NORMAL
2025-01-01 02:30:00,46.5,4.08,193.62,0,0,NORMAL
2025-01-01 07:52:00,35.91,3.86,185.02,1,0,NORMAL
2025-01-01 10:40:00,42.99,4.35,220.74,3,0,NORMAL
2025-01-02 00:44:00,57.23,5.17,2983.43,17,1,LATENCY_SPIKE
2025-01-01 23:30:00,58.65,4.93,3384.73,22,1,LATENCY_SPIKE
2025-01-01 09:10:00,45.52,3.89,154.61,1,0,NORMAL
2025-01-01 15:28:00,54.39,3.54,174.51,0,0,NORMAL
2025-01-01 08:08:00,55.12,3.3,160.0,3,0,NORMAL
2025-01-01 22:36:00,87.85,5.9,888.5,12,1,CPU_OVERLOAD
2025-01-01 19:31:00,96.03,4.14,806.3,9,1,CPU_OVERLOAD
2025-01-01 02:26:00,37.58,3.99,155.06,4,0,NORMAL
2025-01-01 06:42:00,45.03,4.14,183.43,0,0,NORMAL
2025-01-01 15:54:00,44.51,2.86,286.75,1,0,NORMAL
2025-01-01 23:25:00,60.0,4.04,3119.57,27,1,LATENCY_SPIKE
2025-01-01 10:59:00,44.13,3.42,231.14,1,0,NORMAL
2025-01-01 07:43:00,46.28,2.88,212.77,0,0,NORMAL
2025-01-01 03:06:00,47.84,5.01,239.17,1,0,NORMAL
2025-01-01 19:07:00,54.94,5.03,2794.01,21,1,LATENCY_SPIKE
2025-01-01 20:24:00,92.82,3.86,1083.27,4,1,CPU_OVERLOAD
2025-01-01 10:08:00,34.33,3.4,182.43,0,0,NORMAL
2025-01-01 02:23:00,46.11,4.19,121.79,1,0,NORMAL
2025-01-01 12:31:00,36.89,3.96,241.67,0,0,NORMAL
2025-01-01 16:21:00,47.55,3.42,207.02,1,0,NORMAL
2025-01-01 03:17:00,45.92,3.54,270.08,1,0,NORMAL
2025-01-01 14:43:00,51.26,3.94,214.44,0,0,NORMAL
2025-01-01 04:39:00,42.69,4.36,213.01,0,0,NORMAL
2025-01-01 04:53:00,50.1,4.71,167.5,2,0,NORMAL
2025-01-01 22:44:00,56.77,8.88,260.81,10,1,MEMORY_LEAK
2025-01-01 06:40:00,35.43,4.19,228.53,0,0,NORMAL
2025-01-01 02:02:00,53.42,4.06,237.21,3,0,NORMAL
2025-01-01 20:07:00,84.45,6.75,806.9,11,1,CPU_OVERLOAD
2025-01-01 03:22:00,51.5,2.8,180.8,3,0,NORMAL
2025-01-01 13:55:00,46.41,4.17,273.63,0,0,NORMAL
2025-01-01 04:06:00,42.15,4.55,176.06,0,0,NORMAL
2025-01-01 23:42:00,69.67,9.29,354.9,11,1,MEMORY_LEAK
2025-01-01 23:28:00,83.7,3.77,838.87,7,1,CPU_OVERLOAD
2025-01-01 19:13:00,97.73,4.76,506.27,8,1,CPU_OVERLOAD
2025-01-01 06:24:00,40.45,3.9,172.52,0,0,NORMAL
2025-01-01 22:02:00,89.36,4.46,942.69,9,1,CPU_OVERLOAD
2025-01-01 14:14:00,53.52,3.94,152.55,1,0,NORMAL
2025-01-01 03:39:00,45.49,4.74,144.99,2,0,NORMAL
2025-01-01 10:41:00,55.01,3.72,223.16,2,0,NORMAL
2025-01-01 00:01:00,44.17,4.24,154.9,1,0,NORMAL
2025-01-01 01:52:00,45.36,3.17,244.12,1,0,NORMAL
2025-01-01 11:38:00,50.54,4.11,182.02,2,0,NORMAL
2025-01-01 23:51:00,68.84,8.85,461.87,11,1,MEMORY_LEAK
2025-01-01 15:51:00,47.11,3.91,164.53,1,0,NORMAL
2025-01-01 21:57:00,70.06,9.55,442.49,10,1,MEMORY_LEAK
2025-01-01 21:31:00,88.52,4.15,971.37,7,1,CPU_OVERLOAD
2025-01-01 22:33:00,88.88,6.33,727.5,9,1,CPU_OVERLOAD
2025-01-01 07:21:00,44.8,5.53,137.07,2,0,NORMAL
2025-01-01 18:56:00,59.63,9.53,604.97,13,1,MEMORY_LEAK
2025-01-01 20:56:00,89.13,5.57,879.63,17,1,CPU_OVERLOAD
2025-01-01 11:03:00,41.74,4.51,168.42,0,0,NORMAL
2025-01-01 22:52:00,80.11,9.41,373.54,15,1,MEMORY_LEAK
2025-01-01 20:57:00,95.43,4.43,1115.79,7,1,CPU_OVERLOAD
2025-01-01 22:11:00,57.42,8.85,223.82,10,1,MEMORY_LEAK
2025-01-01 05:17:00,43.14,3.44,217.03,1,0,NORMAL
2025-01-01 10:48:00,43.61,4.31,219.32,2,0,NORMAL
2025-01-01 11:49:00,55.18,4.79,172.52,1,0,NORMAL
2025-01-01 21:22:00,68.85,8.44,533.08,11,1,MEMORY_LEAK
2025-01-01 16:12:00,50.04,4.82,210.12,1,0,NORMAL
2025-01-01 10:27:00,44.25,4.91,267.07,1,0,NORMAL
2025-01-01 10:32:00,44.05,3.46,228.14,1,0,NORMAL
2025-01-01 21:46:00,90.17,5.9,956.58,9,1,CPU_OVERLOAD
2025-01-01 20:48:00,53.36,4.46,3519.14,26,1,LATENCY_SPIKE
2025-01-02 00:21:00,51.76,4.25,3551.66,26,1,LATENCY_SPIKE
2025-01-01 20:54:00,90.83,4.72,985.99,8,1,CPU_OVERLOAD
2025-01-01 23:03:00,89.47,5.18,872.11,12,1,CPU_OVERLOAD
2025-01-01 13:15:00,51.32,3.38,396.31,0,0,NORMAL
2025-01-01 10:45:00,43.36,5.16,185.17,1,0,NORMAL
2025-01-01 16:52:00,57.45,4.23,184.96,2,0,NORMAL
2025-01-01 09:16:00,42.07,4.07,145.4,0,0,NORMAL
2025-01-01 11:21:00,38.23,3.79,167.51,1,0,NORMAL
2025-01-01 09:37:00,49.63,4.77,121.76,1,0,NORMAL
2025-01-01 18:29:00,57.2,4.17,3025.54,32,1,LATENCY_SPIKE
2025-01-01 21:06:00,93.01,4.69,998.22,9,1,CPU_OVERLOAD
2025-01-01 19:43:00,95.45,5.53,672.54,8,1,CPU_OVERLOAD
2025-01-01 08:44:00,40.42,4.28,220.49,0,0,NORMAL
2025-01-01 17:39:00,61.96,8.51,444.24,10,1,MEMORY_LEAK
2025-01-01 09:00:00,50.01,3.36,290.47,0,0,NORMAL
2025-01-01 19:54:00,68.61,9.59,482.35,14,1,MEMORY_LEAK
2025-01-01 12:28:00,41.33,4.65,169.61,0,0,NORMAL
2025-01-01 23:06:00,92.63,5.75,903.38,12,1,CPU_OVERLOAD
2025-01-01 08:04:00,40.46,3.72,254.82,2,0,NORMAL
2025-01-01 01:35:00,36.22,4.01,166.9,0,0,NORMAL
2025-01-01 17:00:00,48.14,4.58,175.82,2,0,NORMAL
2025-01-01 09:23:00,43.04,3.95,152.58,0,0,NORMAL
2025-01-01 21:04:00,93.74,5.39,828.75,11,1,CPU_OVERLOAD
2025-01-01 12:22:00,41.25,3.9,273.85,0,0,NORMAL
2025-01-01 14:23:00,55.78,4.3,147.17,0,0,NORMAL
2025-01-01 14:51:00,48.04,3.77,230.11,0,0,NORMAL
2025-01-01 17:18:00,46.35,3.73,223.67,1,0,NORMAL
2025-01-01 03:26:00,48.09,5.0,230.34,1,0,NORMAL
2025-01-01 06:32:00,37.08,4.11,175.34,3,0,NORMAL
2025-01-01 13:14:00,38.51,4.1,225.41,0,0,NORMAL
2025-01-01 14:30:00,43.94,2.81,104.39,1,0,NORMAL
2025-01-01 06:37:00,53.12,4.35,186.01,1,0,NORMAL
2025-01-01 12:46:00,44.79,2.71,158.07,1,0,NORMAL
2025-01-01 22:56:00,50.86,5.26,2572.74,16,1,LATENCY_SPIKE
2025-01-01 20:41:00,52.83,4.03,3352.31,22,1,LATENCY_SPIKE
2025-01-01 17:08:00,48.68,3.92,203.63,1,0,NORMAL
2025-01-01 10:42:00,43.44,4.52,202.18,2,0,NORMAL
2025-01-01 10:12:00,46.68,2.73,224.99,1,0,NORMAL
2025-01-01 16:00:00,48.86,3.04,215.87,2,0,NORMAL
2025-01-01 12:05:00,43.9,3.21,285.21,0,0,NORMAL
2025-01-01 11:23:00,47.94,3.82,147.9,0,0,NORMAL
2025-01-01 01:38:00,45.03,4.96,167.93,0,0,NORMAL
2025-01-01 13:24:00,42.39,4.6,124.14,5,0,NORMAL
2025-01-01 06:46:00,38.59,4.45,347.45,1,0,NORMAL
2025-01-01 08:22:00,36.61,3.47,168.23,3,0,NORMAL
2025-01-01 17:51:00,71.35,9.2,581.05,7,1,MEMORY_LEAK
2025-01-01 17:36:00,85.67,5.08,1036.01,8,1,CPU_OVERLOAD
2025-01-01 15:29:00,44.61,4.24,201.72,0,0,NORMAL
2025-01-01 12:59:00,48.72,4.01,190.63,1,0,NORMAL
2025-01-01 03:20:00,47.15,4.2,252.6,0,0,NORMAL
2025-01-01 02:14:00,39.48,3.41,139.44,0,0,NORMAL
2025-01-01 17:31:00,46.21,6.29,3933.39,18,1,LATENCY_SPIKE
2025-01-01 00:40:00,49.43,3.96,208.24,1,0,NORMAL
2025-01-01 16:57:00,42.1,3.92,162.21,2,0,NORMAL
2025-01-01 03:50:00,40.62,4.08,185.3,2,0,NORMAL
2025-01-01 06:18:00,58.14,3.87,133.07,0,0,NORMAL
2025-01-01 04:48:00,46.69,3.77,244.51,1,0,NORMAL
2025-01-01 06:58:00,52.08,3.28,188.51,2,0,NORMAL
2025-01-01 06:31:00,47.95,4.7,165.51,1,0,NORMAL
2025-01-01 09:52:00,47.87,3.95,198.03,3,0,NORMAL
2025-01-01 19:22:00,48.13,5.68,2866.09,17,1,LATENCY_SPIKE
2025-01-01 18:06:00,91.83,5.7,662.64,8,1,CPU_OVERLOAD
2025-01-01 10:47:00,44.67,3.59,142.45,2,0,NORMAL
2025-01-01 19:12:00,97.46,4.66,500.26,8,1,CPU_OVERLOAD
2025-01-01 22:47:00,57.83,9.47,463.93,12,1,MEMORY_LEAK
2025-01-01 08:40:00,34.98,4.48,235.23,2,0,NORMAL
2025-01-01 01:04:00,49.88,4.09,279.03,0,0,NORMAL
2025-01-01 00:14:00,34.65,3.78,237.04,0,0,NORMAL
2025-01-01 19:40:00,61.14,5.34,3489.59,18,1,LATENCY_SPIKE
2025-01-01 17:44:00,69.39,9.19,490.39,9,1,MEMORY_LEAK
2025-01-01 08:12:00,45.46,5.0,197.86,2,0,NORMAL
2025-01-01 06:19:00,40.15,3.83,234.65,1,0,NORMAL
2025-01-01 03:07:00,44.56,3.67,187.42,0,0,NORMAL
2025-01-01 12:43:00,44.42,4.54,234.07,2,0,NORMAL
2025-01-01 03:36:00,40.36,3.93,241.95,1,0,NORMAL
2025-01-01 13:11:00,46.25,2.87,93.47,0,0,NORMAL
2025-01-01 17:56:00,78.31,9.18,570.49,8,1,MEMORY_LEAK
2025-01-01 14:38:00,44.9,4.66,227.17,0,0,NORMAL
2025-01-01 05:37:00,43.07,4.94,241.3,1,0,NORMAL
2025-01-01 11:59:00,44.66,4.33,103.62,3,0,NORMAL
2025-01-01 04:55:00,40.84,3.11,127.52,0,0,NORMAL
2025-01-01 16:56:00,41.09,2.54,190.29,1,0,NORMAL
2025-01-01 21:15:00,71.72,5.24,2754.83,23,1,LATENCY_SPIKE
2025-01-01 07:35:00,40.24,3.73,226.73,2,0,NORMAL
2025-01-02 00:56:00,63.75,8.96,340.94,10,1,MEMORY_LEAK
2025-01-01 13:35:00,36.09,3.0,292.43,1,0,NORMAL
2025-01-01 04:29:00,45.78,3.89,261.79,1,0,NORMAL
2025-01-01 16:35:00,43.31,4.67,263.97,2,0,NORMAL
2025-01-01 03:21:00,48.36,4.5,150.1,1,0,NORMAL
2025-01-01 02:41:00,49.72,3.58,220.21,1,0,NORMAL
2025-01-01 12:09:00,40.33,3.58,181.67,2,0,NORMAL
2025-01-01 06:41:00,41.4,5.02,248.41,0,0,NORMAL
2025-01-01 11:42:00,40.77,3.61,217.49,1,0,NORMAL
2025-01-01 18:49:00,70.14,8.75,693.06,16,1,MEMORY_LEAK
2025-01-01 09:25:00,42.55,5.92,131.64,0,0,NORMAL
2025-01-01 23:33:00,63.34,7.97,595.81,6,1,MEMORY_LEAK
2025-01-01 17:01:00,41.56,4.74,169.39,1,0,NORMAL
2025-01-01 17:05:00,47.62,3.81,236.98,1,0,NORMAL
2025-01-01 23:31:00,54.9,4.1,3195.08,11,1,LATENCY_SPIKE
2025-01-01 18:24:00,45.26,6.02,3153.96,17,1,LATENCY_SPIKE
2025-01-01 03:25:00,39.37,3.27,355.5,0,0,NORMAL
2025-01-01 00:34:00,49.94,4.23,182.3,3,0,NORMAL
2025-01-01 12:55:00,35.58,4.27,154.52,1,0,NORMAL
2025-01-01 08:28:00,45.29,4.9,244.85,0,0,NORMAL
2025-01-02 00:35:00,73.49,8.83,162.23,9,1,MEMORY_LEAK
2025-01-01 23:10:00,82.58,5.46,851.96,5,1,CPU_OVERLOAD
2025-01-01 01:31:00,50.81,4.83,223.11,0,0,NORMAL
2025-01-01 22:43:00,87.79,4.9,818.24,10,1,CPU_OVERLOAD
2025-01-01 14:57:00,45.88,3.98,137.91,2,0,NORMAL
2025-01-01 09:24:00,52.21,3.89,223.16,1,0,NORMAL
2025-01-01 22:49:00,52.65,8.57,490.04,12,1,MEMORY_LEAK
2025-01-01 12:56:00,40.64,3.35,153.17,3,0,NORMAL
2025-01-01 04:01:00,44.31,5.5,221.05,1,0,NORMAL
2025-01-01 00:13:00,33.52,2.96,149.89,1,0,NORMAL
2025-01-01 05:15:00,45.13,3.9,213.57,2,0,NORMAL
2025-01-01 10:00:00,49.54,4.35,219.34,1,0,NORMAL
2025-01-01 06:27:00,56.26,4.96,197.73,1,0,NORMAL
2025-01-01 21:37:00,68.18,9.65,370.83,15,1,MEMORY_LEAK
2025-01-01 02:46:00,49.93,3.6,111.07,2,0,NORMAL
2025-01-01 14:00:00,44.7,4.33,249.83,1,0,NORMAL
2025-01-01 00:20:00,53.79,3.97,320.63,0,0,NORMAL
2025-01-01 10:46:00,28.82,3.4,212.07,1,0,NORMAL
2025-01-01 19:14:00,92.7,4.39,583.45,10,1,CPU_OVERLOAD
2025-01-01 13:51:00,39.49,4.97,177.22,1,0,NORMAL
2025-01-01 21:07:00,56.08,9.15,547.91,12,1,MEMORY_LEAK
2025-01-01 09:22:00,50.23,4.53,229.86,0,0,NORMAL
2025-01-02 00:20:00,87.45,4.77,847.46,16,1,CPU_OVERLOAD
2025-01-01 11:26:00,43.56,3.37,161.5,2,0,NORMAL
2025-01-01 15:57:00,47.74,3.51,210.22,0,0,NORMAL
2025-01-01 03:09:00,35.91,4.98,271.12,2,0,NORMAL
2025-01-01 16:15:00,33.66,4.11,290.9,2,0,NORMAL
2025-01-01 11:39:00,43.89,4.6,215.06,2,0,NORMAL
2025-01-01 08:30:00,46.62,3.99,232.58,2,0,NORMAL
2025-01-01 18:02:00,55.97,5.71,3216.49,11,1,LATENCY_SPIKE
2025-01-01 07:54:00,54.87,3.78,331.04,2,0,NORMAL
2025-01-01 14:16:00,40.01,3.06,246.61,1,0,NORMAL
2025-01-01 12:27:00,40.47,3.52,158.14,0,0,NORMAL
2025-01-01 04:12:00,57.73,3.9,234.18,1,0,NORMAL
2025-01-01 00:21:00,43.65,4.29,239.23,1,0,NORMAL
2025-01-01 22:17:00,71.47,8.55,462.88,13,1,MEMORY_LEAK
2025-01-01 07:39:00,37.81,4.89,246.21,0,0,NORMAL
2025-01-01 19:44:00,91.36,6.75,641.65,12,1,CPU_OVERLOAD
2025-01-01 04:36:00,46.19,3.44,182.01,3,0,NORMAL
2025-01-01 15:55:00,51.7,4.13,157.16,0,0,NORMAL
2025-01-01 20:15:00,67.39,7.92,532.07,16,1,MEMORY_LEAK
2025-01-01 06:25:00,45.9,4.17,242.98,0,0,NORMAL
2025-01-01 13:25:00,43.14,3.6,237.53,2,0,NORMAL
2025-01-01 23:57:00,59.26,8.83,454.12,13,1,MEMORY_LEAK
2025-01-01 05:43:00,41.96,4.08,234.49,1,0,NORMAL
2025-01-01 12:49:00,55.87,3.41,261.45,0,0,NORMAL
2025-01-01 22:12:00,93.98,5.21,1020.41,9,1,CPU_OVERLOAD
2025-01-01 02:10:00,35.7,4.11,165.77,2,0,NORMAL
2025-01-01 14:31:00,40.21,4.45,196.57,1,0,NORMAL
2025-01-01 18:43:00,96.31,4.84,1015.82,8,1,CPU_OVERLOAD
2025-01-01 23:16:00,51.83,4.87,2405.78,19,1,LATENCY_SPIKE
2025-01-01 01:27:00,46.97,3.26,186.67,3,0,NORMAL
2025-01-02 00:42:00,64.9,8.33,493.11,18,1,MEMORY_LEAK
2025-01-01 05:30:00,44.93,4.41,228.23,1,0,NORMAL
2025-01-01 20:38:00,64.09,6.56,3335.23,16,1,LATENCY_SPIKE
2025-01-01 07:46:00,48.69,4.91,150.21,0,0,NORMAL
2025-01-01 02:01:00,39.54,4.17,167.62,0,0,NORMAL
2025-01-01 17:24:00,43.96,4.62,221.61,1,0,NORMAL
2025-01-01 18:15:00,75.9,8.9,402.46,15,1,MEMORY_LEAK
2025-01-01 18:50:00,100.0,5.27,901.47,11,1,CPU_OVERLOAD
2025-01-01 21:34:00,53.18,4.22,2609.09,14,1,LATENCY_SPIKE
2025-01-01 14:20:00,46.22,5.04,158.77,2,0,NORMAL
2025-01-02 00:19:00,72.72,9.5,369.39,16,1,MEMORY_LEAK
2025-01-01 18:46:00,50.57,5.35,3278.87,11,1,LATENCY_SPIKE
